FID,AREA,PERIMETER,name,x,y,val
0,0,0,东方市,108.6330032,19.0976009,0
1,0,0,临高县,109.685997,19.9185009,0
2,0,0,儋州市,109.5759964,19.5188999,0
3,0,0,昌江黎族自治县,109.0479965,19.2590008,0
4,0,0,白沙黎族自治县,109.447998,19.2362995,0
5,0,0,琼中黎族苗族自治县,109.8399963,19.0482998,0
6,0,0,澄迈县,110.0139999,19.7413998,0
7,0,0,定安县,110.3180008,19.7028999,0
8,0,0,文昌市,110.7559967,19.6212997,0
9,0,0,屯昌县,110.0940018,19.3645992,0
10,0,0,琼海市,110.4629974,19.2472992,0
11,0,0,通什市,109.5159988,18.7700996,0
12,0,0,乐东黎族自治县,109.1729965,18.7469997,0
13,0,0,保亭黎族苗族自治县,109.6959991,18.6410007,0
14,0,0,万宁市,110.4079971,18.8010006,0
15,0,0,陵水黎族自治县,110.0339966,18.5056992,0
16,0,0,镇康县,99.0263977,23.8829994,0
17,0,0,耿马傣族佤族自治县,99.3963013,23.5408993,0
18,0,0,双江拉祜族佤族布朗族傣族自治县,99.8261032,23.4727001,0
19,0,0,沧源佤族自治县,99.2451019,23.1536007,0
20,0,0,镇沅彝族哈尼族拉祜族自治县,100.8850021,23.8722992,0
21,0,0,景谷傣族彝族自治县,100.6989975,23.4995003,0
22,0,0,墨江哈尼族自治县,101.6949997,23.4365005,0
23,0,0,普洱哈尼族彝族自治县,101.0370026,23.0673008,0
24,0,0,西盟佤族自治县,99.4608002,22.7399998,0
25,0,0,把本,99.7494965,22.6359005,0
26,0,0,澜沧拉祜族自治县,99.9296036,22.5655003,0
27,0,0,孟连傣族拉祜族佤族自治县,99.5917969,22.3404007,0
28,0,0,拉嘎,99.5623016,22.2511005,0
29,0,0,江城哈尼族彝族自治县,101.8619995,22.5932999,0
30,0,0,旧过,100.0770035,21.9880009,0
31,0,0,勐海县,100.4530029,21.9682999,0
32,0,0,勐腊县,101.5619965,21.4911003,0
33,0,0,翁戛科,99.4634018,22.5112991,0
34,0,0,象明,101.3199997,22.1284008,0
35,0,0,石屏县,102.487999,23.7194996,0
36,0,0,建水县,102.8219986,23.625,0
37,0,0,元江哈尼族彝族傣族自治县,102.0059967,23.6044998,0
38,0,0,红河县,102.4189987,23.3754005,0
39,0,0,元阳县,102.7429962,23.1685009,0
40,0,0,开远市,103.2340012,23.7154007,0
41,0,0,蒙自县,103.3929977,23.3703995,0
42,0,0,砚山县,104.3320007,23.6135006,0
43,0,0,西畴县,104.6679993,23.4431,0
44,0,0,麻栗坡县,104.6920013,23.1226997,0
45,0,0,马关县,104.3880005,23.0132999,0
46,0,0,富宁县,105.6119995,23.6317005,0
47,0,0,那坡县,105.8399963,23.4132004,0
48,0,0,田阳县,106.9089966,23.7343006,0
49,0,0,德保县,106.6080017,23.3327999,0
50,0,0,靖西县,106.4160004,23.1424999,0
51,0,0,大化瑶族自治县,107.9909973,23.7495003,0
52,0,0,田东县,107.1139984,23.6061001,0
53,0,0,平果县,107.5699997,23.3253002,0
54,0,0,隆安县,107.6849976,23.1786003,0
55,0,0,天等县,107.1320038,23.0851994,0
56,0,0,绿春县,102.4020004,23.0007,0
57,0,0,屏边苗族自治县,103.6790009,22.9866009,0
58,0,0,金平苗族瑶族傣族自治县,103.2220001,22.7877998,0
59,0,0,河口瑶族自治县,103.9589996,22.5191994,0
60,0,0,龙州县,106.8499985,22.3521004,0
61,0,0,凭祥市,106.7539978,22.1124001,0
62,0,0,大新县,107.1949997,22.8414993,0
63,0,0,扶绥县,107.9049988,22.6438007,0
64,0,0,崇左县,107.3550034,22.4206009,0
65,0,0,上思县,107.9789963,22.1530991,0
66,0,0,宁明县,107.0630035,22.1389008,0
67,0,0,都安瑶族自治县,108.0940018,23.9353008,0
68,0,0,合山市,108.8740005,23.8022995,0
69,0,0,马山县,108.1750031,23.7147999,0
70,0,0,上林县,108.5910034,23.4426003,0
71,0,0,宾阳县,108.8099976,23.2173004,0
72,0,0,武鸣县,108.276001,23.1672001,0
73,0,0,象州县,109.6829987,23.9584999,0
74,0,0,来宾县,109.2330017,23.7318993,0
75,0,0,武宣县,109.6549988,23.5972004,0
76,0,0,平南县,110.3949966,23.5503998,0
77,0,0,桂平市,110.0719986,23.3950005,0
78,0,0,藤县,110.9039993,23.3736,0
79,0,0,封开县,111.5080032,23.4456005,0
80,0,0,苍梧县,111.2409973,23.4223995,0
81,0,0,郁南县,111.5220032,23.2427006,0
82,0,0,德庆县,111.7710037,23.1471996,0
83,0,0,怀集县,112.1790009,23.9127007,0
84,0,0,广宁县,112.4309998,23.6431999,0
85,0,0,四会市,112.6949997,23.3491993,0
86,0,0,三水市,112.8860016,23.1662998,0
87,0,0,高要市,112.4530029,23.0573997,0
88,0,0,佛冈县,113.5309982,23.8724003,0
89,0,0,从化市,113.5810013,23.5559006,0
90,0,0,花县,113.2030029,23.3773003,0
91,0,0,增城市,113.8290024,23.2929993,0
92,0,0,邕宁县,108.487999,22.7542992,0
93,0,0,横县,109.2669983,22.6933994,0
94,0,0,灵山县,109.288002,22.4349995,0
95,0,0,博白县,109.9720001,22.2763004,0
96,0,0,浦北县,109.5400009,22.2702999,0
97,0,0,岑溪市,111.0009995,22.9295006,0
98,0,0,容县,110.5510025,22.8640003,0
99,0,0,北流市,110.3479996,22.7145996,0
100,0,0,信宜市,110.939003,22.3638992,0
101,0,0,陆川县,110.2669983,22.3257008,0
102,0,0,罗定市,111.5709991,22.7674007,0
103,0,0,阳春市,111.7910004,22.1763,0
104,0,0,云浮市,112.0400009,22.9335995,0
105,0,0,高明市,112.848999,22.8894997,0
106,0,0,鹤山市,112.9580002,22.7663002,0
107,0,0,新兴县,112.2249985,22.7033997,0
108,0,0,开平市,112.6920013,22.3757992,0
109,0,0,台山市,112.7949982,22.2518005,0
110,0,0,恩平市,112.3079987,22.1924,0
111,0,0,番禺区,113.3659973,22.9442005,0
112,0,0,顺德县,113.2539978,22.8483009,0
113,0,0,宝安区,113.8759995,22.5771008,0
114,0,0,新会市,113.0390015,22.5270004,0
115,0,0,斗门县,113.288002,22.2127991,0
116,0,0,防城各族自治县,108.3570023,21.7693996,0
117,0,0,合浦县,109.1900024,21.6706009,0
118,0,0,高州市,110.8539963,21.9195995,0
119,0,0,化州市,110.625,21.6544991,0
120,0,0,廉江市,110.2829971,21.6135998,0
121,0,0,电白县,111.0019989,21.5114994,0
122,0,0,吴川市,110.7789993,21.4468994,0
123,0,0,遂溪县,110.2509995,21.3834,0
124,0,0,阳西县,111.6279984,21.7509003,0
125,0,0,雷州市,110.0879974,20.9023991,0
126,0,0,徐闻县,110.163002,20.3300991,0
127,0,0,琼山市,110.3580017,20.0086002,0
128,0,0,龙门县,114.2429962,23.7397003,0
129,0,0,博罗县,114.2740021,23.1727009,0
130,0,0,五华县,115.7630005,23.9326,0
131,0,0,紫金县,115.1729965,23.6434994,0
132,0,0,揭西县,115.836998,23.4349995,0
133,0,0,陆河县,115.6520004,23.3113995,0
134,0,0,丰顺县,116.1709976,23.7677002,0
135,0,0,澄海市,116.7679977,23.4636002,0
136,0,0,普宁市,116.1679993,23.3006001,0
137,0,0,潮阳市,116.5940018,23.2614002,0
138,0,0,惠来县,116.2890015,23.0396004,0
139,0,0,云霄县,117.3290024,23.9599991,0
140,0,0,诏安县,117.1750031,23.7057991,0
141,0,0,东山县,117.4260025,23.7000008,0
142,0,0,饶平县,117.0039978,23.6765995,0
143,0,0,南澳县,117.0169983,23.4258995,0
144,0,0,澎湖县,119.5770035,23.5718002,0
145,0,0,惠东县,114.7129974,22.9883003,0
146,0,0,惠阳县,114.4629974,22.7996998,0
147,0,0,罗湖区,114.1350021,22.5554008,0
148,0,0,沙头角区,114.2220001,22.5524998,0
149,0,0, ,114.0739975,22.5424004,0
150,0,0,海丰县,115.3349991,22.9762001,0
151,0,0,陆丰市,115.6409988,22.9489002,0
152,0,0,云林县,120.538002,23.7185001,0
153,0,0,台南县,120.314003,23.3139992,0
154,0,0,花莲县,121.6029968,23.9836006,0
155,0,0,屏东县,120.4850006,22.6828995,0
156,0,0,高雄县,120.3600006,22.6317997,0
157,0,0,台东县,121.1470032,22.7577,0
158,0,0,嘉义县,120.435997,23.4838009,0
159,0,0,南投县,120.6800003,23.9111004,0
160,0,0,亚东县,88.9017029,27.4764996,0
161,0,0,错那县,91.952301,27.9939995,0
162,0,0,贡山独龙族怒族自治县,98.6615982,27.7476997,0
163,0,0,维西傈僳族自治县,99.2851028,27.1865997,0
164,0,0,宁蒗彝族自治县,100.8499985,27.2887001,0
165,0,0,木里藏族自治县,101.2799988,27.9342995,0
166,0,0,盐源县,101.512001,27.4221992,0
167,0,0,福贡县,98.8795013,26.9013004,0
168,0,0,剑川县,99.8985977,26.5314999,0
169,0,0,兰坪白族普米族自治县,99.405899,26.4351006,0
170,0,0,洱源县,99.9490967,26.1131992,0
171,0,0,永胜县,100.7480011,26.6898994,0
172,0,0,鹤庆县,100.1790009,26.5599003,0
173,0,0,盐边县,101.5449982,26.9136009,0
174,0,0,华坪县,101.2639999,26.6306992,0
175,0,0,仁和区,101.7440033,26.5021,0
176,0,0,永仁县,101.6740036,26.0631008,0
177,0,0,泸水县,98.8186035,25.9832993,0
178,0,0,腾冲县,98.4947968,25.0247993,0
179,0,0,云龙县,99.3747025,25.8936996,0
180,0,0,漾濞彝族自治县,99.9654999,25.6543999,0
181,0,0,永平县,99.5192032,25.4636993,0
182,0,0,宾川县,100.5780029,25.8307991,0
183,0,0,祥云县,100.5589981,25.4796009,0
184,0,0,弥渡县,100.4940033,25.3426991,0
185,0,0,巍山彝族回族自治县,100.3089981,25.2304993,0
186,0,0,南涧彝族自治县,100.5250015,25.0561008,0
187,0,0,大姚县,101.3249969,25.7262001,0
188,0,0,元谋县,101.8769989,25.7045002,0
189,0,0,姚安县,101.2419968,25.5142002,0
190,0,0,牟定县,101.5360031,25.3180008,0
191,0,0,南华县,101.2770004,25.1970005,0
192,0,0,盈江县,97.9365997,24.7080002,0
193,0,0,陇川县,97.9623032,24.3659992,0
194,0,0,瑞丽市,97.8590012,24.0130997,0
195,0,0,梁河县,98.2947006,24.8080997,0
196,0,0,龙陵县,98.6902008,24.5907001,0
197,0,0,畹町市,98.0768967,24.0860996,0
198,0,0,昌宁县,99.6065979,24.8316002,0
199,0,0,施甸县,99.177002,24.7329998,0
200,0,0,凤庆县,99.9108963,24.5923004,0
201,0,0,永德县,99.2507019,24.0298004,0
202,0,0,景东彝族自治县,100.8359985,24.4526005,0
203,0,0,云县,100.1279984,24.4491005,0
204,0,0,双柏县,101.6399994,24.6947994,0
205,0,0,新平彝族傣族自治县,101.9899979,24.0762997,0
206,0,0,西区,101.6090012,26.6135006,0
207,0,0,布拖县,102.8040009,27.7134991,0
208,0,0,德昌县,102.1729965,27.4060001,0
209,0,0,普格县,102.5400009,27.3812008,0
210,0,0,宁南县,102.7549973,27.0713005,0
211,0,0,大关县,103.8949966,27.7539005,0
212,0,0,金阳县,103.2460022,27.7012997,0
213,0,0,鲁甸县,103.5449982,27.1996002,0
214,0,0,彝良县,104.0500031,27.6299992,0
215,0,0,镇雄县,104.8700027,27.4414997,0
216,0,0,赫章县,104.7220001,27.1280003,0
217,0,0,威信县,105.0479965,27.8430004,0
218,0,0,大方县,105.6060028,27.1476002,0
219,0,0,仁怀市,106.4140015,27.8153992,0
220,0,0,遵义县,106.822998,27.5398006,0
221,0,0,金沙县,106.2180023,27.4664001,0
222,0,0,息烽县,106.7310028,27.0981007,0
223,0,0,开阳县,106.9670029,27.0594006,0
224,0,0,黔西县,106.0370026,27.0347004,0
225,0,0,凤冈县,107.7249985,27.9717999,0
226,0,0,绥阳县,107.1829987,27.9612007,0
227,0,0,湄潭县,107.4779968,27.7724991,0
228,0,0,余庆县,107.8929977,27.2229996,0
229,0,0,瓮安县,107.4830017,27.0736008,0
230,0,0,巧家县,102.9199982,26.9171009,0
231,0,0,米易县,102.1119995,26.8894997,0
232,0,0,会理县,102.2340012,26.6623993,0
233,0,0,会东县,102.5670013,26.6438999,0
234,0,0,会泽县,103.2949982,26.4211006,0
235,0,0,威宁彝族回族苗族自治县,104.2900009,26.8607998,0
236,0,0,水城县,104.8730011,26.5781002,0
237,0,0,钟山区,104.8730011,26.5781002,0
238,0,0,宣威市,104.1060028,26.2194004,0
239,0,0,纳雍县,105.3769989,26.7756996,0
240,0,0,织金县,105.7630005,26.6609993,0
241,0,0,普定县,105.7460022,26.3120003,0
242,0,0,六枝特区,105.4779968,26.2047997,0
243,0,0,镇宁布依族苗族自治县,105.7639999,26.0550995,0
244,0,0,修文县,106.5920029,26.8435001,0
245,0,0,乌当区,106.7639999,26.6331005,0
246,0,0,清镇市,106.4680023,26.5566006,0
247,0,0,龙里县,106.9810028,26.4589005,0
248,0,0,花溪区,106.6689987,26.4286003,0
249,0,0,平坝县,106.2610016,26.4183006,0
250,0,0,惠水县,106.6559982,26.1392994,0
251,0,0,长顺县,106.4520035,26.030899,0
252,0,0,黄平县,107.9020004,26.8964005,0
253,0,0,福泉市,107.5130005,26.7017002,0
254,0,0,贵定县,107.2399979,26.5862007,0
255,0,0,麻江县,107.5879974,26.4990997,0
256,0,0,丹寨县,107.7919998,26.2005997,0
257,0,0,禄劝彝族苗族自治县,102.461998,25.5632,0
258,0,0,武定县,102.3980026,25.5363998,0
259,0,0,富民县,102.4899979,25.2327995,0
260,0,0,禄丰县,102.0800018,25.1478996,0
261,0,0,西山区,102.6210022,25.0412006,0
262,0,0,官渡区,102.7529984,25.0158005,0
263,0,0,寻甸回族彝族自治县,103.2539978,25.5627003,0
264,0,0,马龙县,103.5800018,25.4288998,0
265,0,0,嵩明县,103.0329971,25.3418007,0
266,0,0,陆良县,103.6620026,25.0328007,0
267,0,0,盘县特区,104.6500015,25.7936993,0
268,0,0,普安县,104.9520035,25.7889004,0
269,0,0,富源县,104.2490005,25.6732006,0
270,0,0,关岭布依族苗族自治县,105.6190033,25.9512997,0
271,0,0,晴隆县,105.2160034,25.8339996,0
272,0,0,兴仁县,105.1819992,25.4375992,0
273,0,0,贞丰县,105.6549988,25.3875999,0
274,0,0,安龙县,105.4670029,25.1158009,0
275,0,0,紫云苗族布依族自治县,106.0830002,25.7537994,0
276,0,0,罗甸县,106.7519989,25.4290009,0
277,0,0,望谟县,106.1019974,25.1713009,0
278,0,0,三都水族自治县,107.8619995,25.9927006,0
279,0,0,平塘县,107.3259964,25.8362007,0
280,0,0,独山县,107.5429993,25.8295994,0
281,0,0,荔波县,107.8779984,25.4148998,0
282,0,0,天峨县,107.1559982,25.0091991,0
283,0,0,安宁市,102.473999,24.9188995,0
284,0,0,呈贡县,102.7990036,24.9018002,0
285,0,0,晋宁县,102.5999985,24.6737995,0
286,0,0,澄江县,102.9110031,24.6737003,0
287,0,0,易门县,102.1500015,24.6730995,0
288,0,0,江川县,102.7490005,24.2966995,0
289,0,0,华宁县,102.9280014,24.1977997,0
290,0,0,峨山彝族自治县,102.3980026,24.1667004,0
291,0,0,通海县,102.7559967,24.1065006,0
292,0,0,宜良县,103.1419983,24.9116001,0
293,0,0,师宗县,103.9909973,24.8323002,0
294,0,0,路南彝族自治县,103.2600021,24.7619991,0
295,0,0,泸西县,103.7630005,24.5324001,0
296,0,0,弥勒县,103.4329987,24.4097996,0
297,0,0,罗平县,104.3030014,24.8836002,0
298,0,0,丘北县,104.1920013,24.0494003,0
299,0,0,册亨县,105.8099976,24.9932995,0
300,0,0,隆林各族自治县,105.3310013,24.781601,0
301,0,0,西林县,105.0899963,24.4983997,0
302,0,0,广南县,105.0619965,24.0533009,0
303,0,0,乐业县,106.5619965,24.7928009,0
304,0,0,凌云县,106.5759964,24.3490009,0
305,0,0,田林县,106.2350006,24.3022003,0
306,0,0,南丹县,107.5350037,24.9841003,0
307,0,0,凤山县,107.0479965,24.5435009,0
308,0,0,东兰县,107.3730011,24.5209999,0
309,0,0,巴马瑶族自治县,107.2460022,24.1469994,0
310,0,0,思南县,108.2419968,27.9407005,0
311,0,0,江口县,108.8430023,27.6954994,0
312,0,0,石阡县,108.2320023,27.5224991,0
313,0,0,玉屏侗族自治县,108.9120026,27.2364998,0
314,0,0,岑巩县,108.7399979,27.2166996,0
315,0,0,镇远县,108.4189987,27.0548,0
316,0,0,施秉县,108.1190033,27.0377998,0
317,0,0,凤凰县,109.598999,27.9528999,0
318,0,0,麻阳苗族自治县,109.8040009,27.8799992,0
319,0,0,万山特区,109.2089996,27.5209999,0
320,0,0,芷江侗族自治县,109.6839981,27.4477997,0
321,0,0,新晃侗族自治县,109.1719971,27.3577003,0
322,0,0,洪江市,109.9919968,27.1133003,0
323,0,0,溆浦县,110.5960007,27.9162006,0
324,0,0,黔阳县,110.137001,27.3297005,0
325,0,0,洞口县,110.5699997,27.0683002,0
326,0,0,新化县,111.2949982,27.7495003,0
327,0,0,涟源市,111.6699982,27.6991997,0
328,0,0,冷水江市,111.4250031,27.6956005,0
329,0,0,新邵县,111.4589996,27.3279991,0
330,0,0,邵东县,111.7389984,27.2458992,0
331,0,0,隆回县,111.0220032,27.1196995,0
332,0,0,湘潭县,112.9110031,27.8731995,0
333,0,0,湘乡市,112.5189972,27.7378006,0
334,0,0,双峰县,112.1989975,27.4638996,0
335,0,0,南岳区,112.7220001,27.2462997,0
336,0,0,衡东县,112.9440002,27.0895004,0
337,0,0,株洲县,113.1480026,27.7112007,0
338,0,0,醴陵市,113.4940033,27.6690998,0
339,0,0,莲花县,113.9520035,27.1319008,0
340,0,0,攸县,113.3440018,27.0046005,0
341,0,0,三穗县,108.6790009,26.9720001,0
342,0,0,台江县,108.310997,26.6772003,0
343,0,0,剑河县,108.5849991,26.6515007,0
344,0,0,雷山县,108.0680008,26.3892002,0
345,0,0,天柱县,109.2009964,26.9092999,0
346,0,0,会同县,109.7139969,26.8619995,0
347,0,0,锦屏县,109.1949997,26.6851006,0
348,0,0,靖州苗族侗族自治县,109.6949997,26.5762997,0
349,0,0,黎平县,109.1330032,26.2317009,0
350,0,0,通道侗族自治县,109.7699966,26.1599007,0
351,0,0,武冈市,110.6220016,26.7311993,0
352,0,0,绥宁县,110.1589966,26.5837002,0
353,0,0,新宁县,110.8450012,26.4335995,0
354,0,0,城步苗族自治县,110.3089981,26.3610992,0
355,0,0,资源县,110.6380005,26.0314007,0
356,0,0,邵阳县,111.2659988,26.9972992,0
357,0,0,祁阳县,111.8560028,26.5921993,0
358,0,0,冷水滩市,111.5839996,26.4440994,0
359,0,0,东安县,111.2839966,26.4041996,0
360,0,0,衡阳县,112.3710022,26.9743996,0
361,0,0,衡南县,112.5970001,26.9020996,0
362,0,0,祁东县,112.1230011,26.7921009,0
363,0,0,耒阳市,112.8470001,26.4155998,0
364,0,0,常宁县,112.387001,26.4078007,0
365,0,0,茶陵县,113.552002,26.8024998,0
366,0,0,宁冈县,113.9589996,26.7098007,0
367,0,0,安仁县,113.2679977,26.7073994,0
368,0,0,酃县,113.7669983,26.4974003,0
369,0,0,永兴县,113.1149979,26.1343994,0
370,0,0,桂东县,113.9329987,26.0832005,0
371,0,0,榕江县,108.5159988,25.9260998,0
372,0,0,从江县,108.901001,25.7462006,0
373,0,0,三江侗族自治县,109.5960007,25.7859001,0
374,0,0,融安县,109.3880005,25.218399,0
375,0,0,融水苗族自治县,109.2490005,25.0659008,0
376,0,0,龙胜各族自治县,110.0090027,25.7945004,0
377,0,0,兴安县,110.6660004,25.6135998,0
378,0,0,灵川县,110.3239975,25.4132004,0
379,0,0,临桂县,110.2070007,25.2367992,0
380,0,0,双牌县,111.6529999,25.9638996,0
381,0,0,全州县,111.0650024,25.9323006,0
382,0,0,宁远县,111.939003,25.5990009,0
383,0,0,道县,111.5910034,25.5319004,0
384,0,0,灌阳县,111.1449966,25.4892006,0
385,0,0,江永县,111.336998,25.2775002,0
386,0,0,江华瑶族自治县,111.5830002,25.1903992,0
387,0,0,新田县,112.2099991,25.9134007,0
388,0,0,桂阳县,112.7259979,25.7425003,0
389,0,0,嘉禾县,112.3590012,25.5874996,0
390,0,0,宜章县,112.9420013,25.4018993,0
391,0,0,蓝山县,112.1780014,25.3729,0
392,0,0,临武县,112.5390015,25.2819996,0
393,0,0,资兴市,113.2229996,25.9442005,0
394,0,0,郴县,113.0250015,25.8031998,0
395,0,0,汝城县,113.6800003,25.5522003,0
396,0,0,乐昌市,113.3470001,25.1354008,0
397,0,0,仁化县,113.7429962,25.0904999,0
398,0,0,环江毛南族自治县,108.2559967,24.8300991,0
399,0,0,罗城仫佬族自治县,108.8990021,24.7817993,0
400,0,0,宜山县,108.6559982,24.4911995,0
401,0,0,忻城县,108.6610031,24.0645008,0
402,0,0,永福县,109.9800034,24.9822006,0
403,0,0,柳城县,109.2369995,24.6574001,0
404,0,0,鹿寨县,109.7369995,24.4857998,0
405,0,0,柳江县,109.3259964,24.2528992,0
406,0,0,恭城县,110.8219986,24.8334999,0
407,0,0,阳朔县,110.4840012,24.7782001,0
408,0,0,平乐县,110.6470032,24.6362,0
409,0,0,荔浦县,110.3909988,24.4965,0
410,0,0,蒙山县,110.5199966,24.2036991,0
411,0,0,昭平县,110.8040009,24.1695995,0
412,0,0,金秀瑶族自治县,110.1800003,24.1305008,0
413,0,0,富川瑶族自治县,111.2649994,24.8246994,0
414,0,0,钟山县,111.2959976,24.5270004,0
415,0,0,连州市,112.3779984,24.7801991,0
416,0,0,连南瑶族自治县,112.2829971,24.7192993,0
417,0,0,连山壮族瑶族自治县,112.0739975,24.5697994,0
418,0,0,阳山县,112.6380005,24.4855003,0
419,0,0,乳源瑶族自治县,113.2689972,24.7847004,0
420,0,0,曲江县,113.5960007,24.6842995,0
421,0,0,英德市,113.4020004,24.1734009,0
422,0,0,衡山县,112.8529968,27.2462006,0
423,0,0,分宜县,114.6760025,27.8166008,0
424,0,0,安福县,114.6090012,27.3829994,0
425,0,0,吉安县,114.901001,27.0419006,0
426,0,0,新干县,115.3939972,27.7602997,0
427,0,0,峡江县,115.1480026,27.5541992,0
428,0,0,乐安县,115.8320007,27.4267998,0
429,0,0,永丰县,115.4329987,27.3225994,0
430,0,0,吉水县,115.1320038,27.2148991,0
431,0,0,金溪县,116.7770004,27.9106007,0
432,0,0,崇仁县,116.0619965,27.7562008,0
433,0,0,南城县,116.6279984,27.5601997,0
434,0,0,宜黄县,116.2099991,27.5468998,0
435,0,0,黎川县,116.9150009,27.2973995,0
436,0,0,南丰县,116.5299988,27.2147999,0
437,0,0,资溪县,117.0630035,27.7035007,0
438,0,0,光泽县,117.3339996,27.5401001,0
439,0,0,邵武市,117.4840012,27.3381996,0
440,0,0,浦城县,118.5370026,27.9251995,0
441,0,0,武夷山市,118.0270004,27.7565994,0
442,0,0,松溪县,118.7750015,27.5289001,0
443,0,0,政和县,118.8539963,27.3726006,0
444,0,0,建阳市,118.1060028,27.3404007,0
445,0,0,建瓯市,118.3239975,27.0394001,0
446,0,0,景宁畲族自治县,119.6439972,27.9750004,0
447,0,0,庆元县,119.052002,27.6147003,0
448,0,0,泰顺县,119.7109985,27.5583,0
449,0,0,寿宁县,119.5110016,27.4601002,0
450,0,0,柘荣县,119.8919983,27.2429008,0
451,0,0,周宁县,119.3359985,27.1135998,0
452,0,0,福安市,119.6470032,27.0890999,0
453,0,0,永新县,114.2369995,26.9461002,0
454,0,0,泰和县,114.8949966,26.7926006,0
455,0,0,井冈山市,114.1589966,26.5674,0
456,0,0,万安县,114.7799988,26.4622993,0
457,0,0,遂川县,114.5059967,26.3283997,0
458,0,0,兴国县,115.3440018,26.3229008,0
459,0,0,广昌县,116.3170013,26.8369007,0
460,0,0,建宁县,116.8330002,26.8330002,0
461,0,0,宁都县,116.0100021,26.4669991,0
462,0,0,石城县,116.3389969,26.3286991,0
463,0,0,宁化县,116.6600037,26.2668991,0
464,0,0,清流县,116.814003,26.1639996,0
465,0,0,泰宁县,117.1589966,26.8990002,0
466,0,0,顺昌县,117.8069992,26.7975998,0
467,0,0,将乐县,117.4550018,26.7213001,0
468,0,0,沙县,117.7819977,26.3980999,0
469,0,0,明溪县,117.1989975,26.3502998,0
470,0,0,屏南县,118.973999,26.9116993,0
471,0,0,古田县,118.7389984,26.5778008,0
472,0,0,闽清县,118.862999,26.2136993,0
473,0,0,尤溪县,118.1829987,26.1723003,0
474,0,0,霞浦县,119.9909973,26.8840008,0
475,0,0,罗源县,119.5449982,26.4913998,0
476,0,0,连江县,119.5350037,26.1984997,0
477,0,0,闽侯县,119.1460037,26.1508999,0
478,0,0,上犹县,114.5319977,25.7968998,0
479,0,0,崇义县,114.302002,25.6940994,0
480,0,0,南康市,114.7450027,25.6590996,0
481,0,0,大余县,114.3509979,25.4004002,0
482,0,0,信丰县,114.9309998,25.3789005,0
483,0,0,南雄市,114.302002,25.1193008,0
484,0,0,于都县,115.4100037,25.9545994,0
485,0,0,赣县,115.0019989,25.8602009,0
486,0,0,会昌县,115.7829971,25.5848007,0
487,0,0,安远县,115.3919983,25.1387005,0
488,0,0,瑞金市,116.0250015,25.8731003,0
489,0,0,长汀县,116.3499985,25.8339005,0
490,0,0,连城县,116.7460022,25.7089005,0
491,0,0,武平县,116.0910034,25.0919991,0
492,0,0,上杭县,116.4179993,25.0538006,0
493,0,0,永安市,117.3619995,25.9654999,0
494,0,0,大田县,117.836998,25.6928005,0
495,0,0,漳平市,117.4039993,25.2898998,0
496,0,0,永泰县,118.9339981,25.8680992,0
497,0,0,德化县,118.2300034,25.4773998,0
498,0,0,仙游县,118.6839981,25.3649998,0
499,0,0,永春县,118.2870026,25.3262997,0
500,0,0,安溪县,118.1819992,25.0611,0
501,0,0,惠安县,118.8030014,25.0224991,0
502,0,0,长乐市,119.5189972,25.9603004,0
503,0,0,平潭县,119.7839966,25.5044994,0
504,0,0,莆田县,119.0110016,25.4344006,0
505,0,0,始兴县,114.0630035,24.9461994,0
506,0,0,龙南县,114.7850037,24.8994999,0
507,0,0,全南县,114.5240021,24.7443008,0
508,0,0,和平县,114.9329987,24.4402008,0
509,0,0,连平县,114.4830017,24.3582001,0
510,0,0,翁源县,114.1320038,24.3449001,0
511,0,0,新丰县,114.2020035,24.0629997,0
512,0,0,寻乌县,115.6340027,24.9473991,0
513,0,0,定南县,115.0169983,24.7717991,0
514,0,0,平远县,115.8899994,24.5664005,0
515,0,0,兴宁市,115.7279968,24.1392002,0
516,0,0,龙川县,115.2559967,24.1002007,0
517,0,0,永定县,116.7210007,24.7208004,0
518,0,0,蕉岭县,116.1699982,24.6518002,0
519,0,0,大埔县,116.689003,24.3549004,0
520,0,0,梅县,116.1090012,24.3078995,0
521,0,0,华安县,117.5210037,24.9946995,0
522,0,0,长泰县,117.7509995,24.6208992,0
523,0,0,南靖县,117.362999,24.5002003,0
524,0,0,龙海市,117.8099976,24.4396992,0
525,0,0,平和县,117.2969971,24.3523998,0
526,0,0,漳浦县,117.6110001,24.1175995,0
527,0,0,南安市,118.3759995,24.9535007,0
528,0,0,晋江市,118.5719986,24.8106003,0
529,0,0,石狮市,118.6330032,24.7366009,0
530,0,0,同安区,118.1439972,24.7364998,0
531,0,0,金门县,118.3170013,24.4337997,0
532,0,0,福清市,119.3820038,25.7283993,0
533,0,0,瑞安市,120.6309967,27.7910004,0
534,0,0,文成县,120.0780029,27.7903004,0
535,0,0,平阳县,120.5569992,27.6762009,0
536,0,0,苍南县,120.3880005,27.5139999,0
537,0,0,福鼎市,120.2129974,27.3302994,0
538,0,0,洞头县,121.1539993,27.8409004,0
539,0,0,台北县,121.4589996,25.0142994,0
540,0,0,新竹县,120.9580002,24.8097,0
541,0,0,苗栗县,120.8119965,24.5585995,0
542,0,0,台中县,120.7129974,24.2560005,0
543,0,0,彰化县,120.5360031,24.0769997,0
544,0,0,桃园县,121.3069992,24.9985008,0
545,0,0,宜兰县,121.7409973,24.7577,0
546,0,0,札达县,79.8022003,31.4843006,0
547,0,0,普兰县,81.1809998,30.3131008,0
548,0,0,措勤县,85.1555023,31.0235004,0
549,0,0,申扎县,88.7042999,30.9325008,0
550,0,0,仲巴县,84.1746979,29.6506996,0
551,0,0,萨嘎县,85.2208023,29.3150997,0
552,0,0,昂仁县,87.2334976,29.2921009,0
553,0,0,拉孜县,87.635498,29.0856991,0
554,0,0,谢通门县,88.2586975,29.4283009,0
555,0,0,南木林县,89.093399,29.6877003,0
556,0,0,白朗县,89.2533035,29.1014004,0
557,0,0,吉隆县,85.3154984,28.8572006,0
558,0,0,聂拉木县,85.9627991,28.1583004,0
559,0,0,定日县,87.1106033,28.6595993,0
560,0,0,定结县,87.7711029,28.3631992,0
561,0,0,萨迦县,88.0085983,28.8997993,0
562,0,0,岗巴县,88.5249023,28.2681007,0
563,0,0,江孜县,89.5983963,28.9202995,0
564,0,0,康马县,89.6841965,28.5643997,0
565,0,0,仁布县,89.839798,29.2325001,0
566,0,0,班戈县,90.0198975,31.3673,0
567,0,0,索县,93.7787018,31.8875999,0
568,0,0,比如县,93.6809006,31.4820004,0
569,0,0,巴青县,94.0596008,31.9235992,0
570,0,0,丁青县,95.6304016,31.4118996,0
571,0,0,当雄县,91.0994034,30.4873009,0
572,0,0,边坝县,94.6978989,30.9407997,0
573,0,0,尼木县,90.1621017,29.4328995,0
574,0,0,曲水县,90.7294998,29.3572006,0
575,0,0,贡嘎县,90.9819031,29.2905006,0
576,0,0,林周县,91.2602997,29.8959007,0
577,0,0,乃东县,91.7764969,29.2243996,0
578,0,0,扎囊县,91.3046036,29.2224007,0
579,0,0,琼结县,91.6788025,29.0286999,0
580,0,0,加查县,92.5822983,29.1380005,0
581,0,0,曲松县,92.2050018,29.0575008,0
582,0,0,工布江达县,93.2424011,29.8875999,0
583,0,0,朗县,93.0955963,29.0461006,0
584,0,0,浪卡子县,90.3993988,28.9689007,0
585,0,0,洛扎县,90.8602982,28.382,0
586,0,0,措美县,91.435997,28.4377995,0
587,0,0,隆子县,92.4626007,28.4101009,0
588,0,0,洛隆县,95.8291016,30.7486992,0
589,0,0,嘉黎县,93.5047989,30.6054001,0
590,0,0,波密县,95.7447968,29.8654003,0
591,0,0,米林县,94.1993027,29.2148991,0
592,0,0,堆龙德庆县,90.9532013,29.6625004,0
593,0,0,达孜县,91.3529968,29.6720009,0
594,0,0,墨竹工卡县,91.7253036,29.8339996,0
595,0,0,类乌齐县,96.5878983,31.2175999,0
596,0,0,德格县,98.5835037,31.8057995,0
597,0,0,江达县,98.2078018,31.507,0
598,0,0,白玉县,98.8267975,31.2175999,0
599,0,0,甘孜县,99.9866028,31.6317997,0
600,0,0,炉霍县,100.6760025,31.3957996,0
601,0,0,八宿县,96.9160995,30.0541,0
602,0,0,察雅县,97.5587997,30.6613007,0
603,0,0,贡觉县,98.2701035,30.8689995,0
604,0,0,巴塘县,99.1140976,30.0121002,0
605,0,0,新龙县,100.3040009,30.9456005,0
606,0,0,道孚县,101.1220016,30.9895992,0
607,0,0,丹巴县,101.8880005,30.8766003,0
608,0,0,雅江县,101.0059967,30.0314007,0
609,0,0,左贡县,97.8429031,29.6781006,0
610,0,0,芒康县,98.5864029,29.6809998,0
611,0,0,理塘县,100.2679977,29.9939995,0
612,0,0,稻城县,100.2969971,29.0372009,0
613,0,0,九龙县,101.5139999,29.0046005,0
614,0,0,察隅县,97.4757996,28.6755009,0
615,0,0,德钦县,98.9145966,28.4918003,0
616,0,0,乡城县,99.7986984,28.9272003,0
617,0,0,得荣县,99.2837982,28.7131996,0
618,0,0,金川县,102.0569992,31.4874001,0
619,0,0,茂县,103.8529968,31.6896,0
620,0,0,汶川县,103.5780029,31.4783993,0
621,0,0,理县,103.1640015,31.4547997,0
622,0,0,都江堰市,103.6210022,31.0149994,0
623,0,0,北川县,104.4449997,31.8260994,0
624,0,0,江油市,104.7409973,31.7786999,0
625,0,0,安县,104.4290009,31.6501007,0
626,0,0,绵竹市,104.197998,31.3430996,0
627,0,0,什邡县,104.1740036,31.1348991,0
628,0,0,中江县,104.6790009,31.0449009,0
629,0,0,苍溪县,105.9329987,31.7437,0
630,0,0,梓潼县,105.1579971,31.6390991,0
631,0,0,阆中市,105.9670029,31.5837994,0
632,0,0,盐亭县,105.3759995,31.2299004,0
633,0,0,三台县,105.0879974,31.0951996,0
634,0,0,西充县,105.8809967,31.0111008,0
635,0,0,仪陇县,106.4039993,31.5275002,0
636,0,0,南部县,106.0589981,31.3602009,0
637,0,0,营山县,106.5650024,31.0764008,0
638,0,0,蓬安县,106.4089966,31.0373993,0
639,0,0,通江县,107.2460022,31.9258003,0
640,0,0,平昌县,107.1100006,31.5743008,0
641,0,0,宣汉县,107.7149963,31.3600006,0
642,0,0,达县,107.6259995,31.0984993,0
643,0,0,开江县,107.8679962,31.0795002,0
644,0,0,小金县,102.3550034,30.9934998,0
645,0,0,宝兴县,102.8209991,30.3729992,0
646,0,0,芦山县,102.927002,30.1602001,0
647,0,0,天全县,102.75,30.0792007,0
648,0,0,彭州市,103.9449997,30.9925003,0
649,0,0,郫县,103.8889999,30.8076992,0
650,0,0,温江县,103.8310013,30.7028999,0
651,0,0,崇州市,103.6729965,30.6371994,0
652,0,0,大邑县,103.5230026,30.5853996,0
653,0,0,双流县,103.9229965,30.5804996,0
654,0,0,新津县,103.810997,30.4241009,0
655,0,0,邛崃市,103.4570007,30.4172001,0
656,0,0,蒲江县,103.5029984,30.2147999,0
657,0,0,彭山县,103.8690033,30.2014008,0
658,0,0,名山县,103.0960007,30.0948009,0
659,0,0,眉山市,103.8310013,30.0510998,0
660,0,0,丹棱县,103.512001,30.0268002,0
661,0,0,广汉市,104.2829971,30.9818993,0
662,0,0,青白江区,104.2570038,30.8806,0
663,0,0,青神县,103.8450012,29.8379002,0
664,0,0,金堂县,104.4349976,30.8584995,0
665,0,0,新都县,104.1610031,30.8320007,0
666,0,0,金牛区,104.0350037,30.7103996,0
667,0,0,龙泉驿区,104.2779999,30.5692005,0
668,0,0,简阳市,104.5500031,30.3908997,0
669,0,0,仁寿县,104.1439972,30.0049992,0
670,0,0,射洪县,105.3820038,30.8766994,0
671,0,0,蓬溪县,105.7089996,30.7770004,0
672,0,0,乐至县,105.0210037,30.2873993,0
673,0,0,潼南县,105.8209991,30.1742001,0
674,0,0,安岳县,105.3249969,30.1133003,0
675,0,0,渠县,106.961998,30.8449001,0
676,0,0,南充县,106.1100006,30.7721004,0
677,0,0,岳池县,106.4410019,30.5461998,0
678,0,0,广安区,106.6320038,30.4750004,0
679,0,0,武胜县,106.2910004,30.3617992,0
680,0,0,邻水县,106.9199982,30.3358994,0
681,0,0,合川县,106.2600021,30.0044994,0
682,0,0,大竹县,107.2050018,30.7388,0
683,0,0,梁平县,107.7890015,30.6672993,0
684,0,0,垫江县,107.3560028,30.3243008,0
685,0,0,泸定县,102.2409973,29.9237003,0
686,0,0,荥经县,102.836998,29.7959003,0
687,0,0,汉源县,102.677002,29.3546009,0
688,0,0,石棉县,102.3690033,29.2367992,0
689,0,0,洪雅县,103.3700027,29.9134007,0
690,0,0,夹江县,103.5719986,29.7420006,0
691,0,0,峨眉山市,103.4820023,29.6023006,0
692,0,0,沙湾区,103.5339966,29.4206009,0
693,0,0,五通桥区,103.8379974,29.4050007,0
694,0,0,金口河区,103.0830002,29.2481003,0
695,0,0,峨边彝族自治县,103.2659988,29.2271004,0
696,0,0,犍为县,103.9430008,29.2098007,0
697,0,0,资中县,104.8479996,29.7852993,0
698,0,0,井研县,104.0770035,29.6590996,0
699,0,0,荣县,104.4199982,29.4645004,0
700,0,0,贡井区,104.6800003,29.3665009,0
701,0,0,沿滩区,104.8710022,29.2730999,0
702,0,0,富顺县,104.987999,29.1893005,0
703,0,0,大足县,105.7109985,29.7120991,0
704,0,0,双桥区,105.7730026,29.4920998,0
705,0,0,荣昌县,105.5960007,29.4134007,0
706,0,0,永川市,105.8970032,29.3609009,0
707,0,0,隆昌县,105.2730026,29.3500004,0
708,0,0,铜梁县,106.0419998,29.8530006,0
709,0,0,北碚区,106.4349976,29.8262997,0
710,0,0,江北县,106.6230011,29.7252998,0
711,0,0,璧山县,106.2170029,29.6000996,0
712,0,0,九龙坡区,106.5059967,29.5266991,0
713,0,0,大渡口区,106.4850006,29.4866009,0
714,0,0,巴县,106.5240021,29.3798008,0
715,0,0,江津市,106.2529984,29.2821007,0
716,0,0,綦江县,106.6389999,29.0258007,0
717,0,0,丰都县,107.7149963,29.8880005,0
718,0,0,长寿县,107.060997,29.8341999,0
719,0,0,涪陵区,107.3909988,29.7033997,0
720,0,0,武隆县,107.7450027,29.3160992,0
721,0,0,南川市,107.1050034,29.1688995,0
722,0,0,甘洛县,102.7649994,28.9703999,0
723,0,0,越西县,102.5039978,28.6443005,0
724,0,0,冕宁县,102.1660004,28.5515003,0
725,0,0,喜德县,102.4069977,28.3113003,0
726,0,0,昭觉县,102.8349991,28.0193996,0
727,0,0,沐川县,103.9049988,28.9626999,0
728,0,0,马边彝族自治县,103.5299988,28.8335991,0
729,0,0,绥江县,103.9550018,28.5977993,0
730,0,0,美姑县,103.1269989,28.3260002,0
731,0,0,雷波县,103.572998,28.2630005,0
732,0,0,永善县,103.6350021,28.2392998,0
733,0,0,南溪县,104.9720001,28.8486004,0
734,0,0,宜宾县,104.5240021,28.7019005,0
735,0,0,屏山县,104.1610031,28.6576996,0
736,0,0,水富县,104.4069977,28.6306,0
737,0,0,长宁县,104.9069977,28.5785999,0
738,0,0,高县,104.5569992,28.3929005,0
739,0,0,珙县,104.7979965,28.3817997,0
740,0,0,筠连县,104.5130005,28.1641006,0
741,0,0,盐津县,104.2480011,28.0760994,0
742,0,0,合江县,105.8270035,28.8125992,0
743,0,0,纳溪区,105.3820038,28.7826004,0
744,0,0,江安县,105.0569992,28.7266998,0
745,0,0,赤水市,105.6969986,28.5851994,0
746,0,0,兴文县,105.0859985,28.3411999,0
747,0,0,叙永县,105.4430008,28.1823006,0
748,0,0,古蔺县,105.8089981,28.0387001,0
749,0,0,南桐矿区,106.935997,28.9584007,0
750,0,0,习水县,106.2070007,28.3234005,0
751,0,0,桐梓县,106.8170013,28.1387005,0
752,0,0,道真仡佬族苗族自治县,107.5970001,28.8792,0
753,0,0,正安县,107.4469986,28.5569992,0
754,0,0,务川仡佬族苗族自治县,107.8899994,28.5266991,0
755,0,0,华蓥市,106.7699966,30.3838997,0
756,0,0,威远县,104.6589966,29.5251999,0
757,0,0,白沙工农区,108.1480026,31.9780006,0
758,0,0,城口县,108.6699982,31.9507008,0
759,0,0,开县,108.4199982,31.1884995,0
760,0,0,镇坪县,109.5159988,31.8917999,0
761,0,0,巫溪县,109.6230011,31.4067993,0
762,0,0,巫山县,109.8889999,31.0820007,0
763,0,0,奉节县,109.5250015,31.0552998,0
764,0,0,神农架林区,110.677002,31.7549,0
765,0,0,兴山县,110.7590027,31.2359009,0
766,0,0,巴东县,110.4049988,31.0305996,0
767,0,0,保康县,111.2669983,31.8887005,0
768,0,0,南漳县,111.8450012,31.7824993,0
769,0,0,远安县,111.6419983,31.0687008,0
770,0,0,宜城市,112.2600021,31.7112999,0
771,0,0,钟祥市,112.5889969,31.1704006,0
772,0,0,随州市,113.3700027,31.7157001,0
773,0,0,广水市,113.8190002,31.6189003,0
774,0,0,安陆市,113.689003,31.2642994,0
775,0,0,云梦县,113.7470016,31.0263996,0
776,0,0,京山县,113.1169968,31.0254002,0
777,0,0,云阳县,108.8919983,30.9675007,0
778,0,0,万州区,108.3740005,30.8136997,0
779,0,0,利川市,108.9339981,30.3003998,0
780,0,0,忠县,108.0319977,30.2992001,0
781,0,0,建始县,109.7259979,30.6112995,0
782,0,0,秭归县,110.6940002,31.0002003,0
783,0,0,五峰土家族自治县,110.6790009,30.2045994,0
784,0,0,当阳市,111.7870026,30.8320999,0
785,0,0,宜昌县,111.3239975,30.7737999,0
786,0,0,长阳土家族自治县,111.1920013,30.4748001,0
787,0,0,枝江市,111.7580032,30.4300995,0
788,0,0,枝城市,111.4580002,30.3929996,0
789,0,0,松滋市,111.7730026,30.1793995,0
790,0,0,沙洋区,112.5899963,30.7110004,0
791,0,0,潜江市,112.8929977,30.4214993,0
792,0,0,江陵县,112.1910019,30.3509998,0
793,0,0,公安县,112.2269974,30.0580997,0
794,0,0,应城市,113.5699997,30.9466,0
795,0,0,天门市,113.1640015,30.6569004,0
796,0,0,汉川市,113.8290024,30.6490993,0
797,0,0,仙桃市,113.4530029,30.3724003,0
798,0,0,石柱土家族自治县,108.1190033,29.9934006,0
799,0,0,黔江区,108.7839966,29.5268002,0
800,0,0,彭水苗族土家族自治县,108.1709976,29.2926006,0
801,0,0,宣恩县,109.4800034,29.9902,0
802,0,0,咸丰县,109.1439972,29.677,0
803,0,0,来凤县,109.4049988,29.5058002,0
804,0,0,龙山县,109.4380035,29.4591999,0
805,0,0,永顺县,109.8529968,29.0065002,0
806,0,0,鹤峰县,110.026001,29.8931007,0
807,0,0,桑植县,110.1620026,29.3932991,0
808,0,0,武陵源区,110.5670013,29.3547001,0
809,0,0,澧县,111.7570038,29.6406994,0
810,0,0,津市市,111.8759995,29.6364002,0
811,0,0,石门县,111.3740005,29.5890999,0
812,0,0,临澧县,111.6520004,29.4491997,0
813,0,0,慈利县,111.1220016,29.4269009,0
814,0,0,监利县,112.9000015,29.8162994,0
815,0,0,石首市,112.4069977,29.7248993,0
816,0,0,华容县,112.5589981,29.5193005,0
817,0,0,安乡县,112.1679993,29.4092999,0
818,0,0,南县,112.4079971,29.3666992,0
819,0,0,嘉鱼县,113.8960037,29.9762001,0
820,0,0,洪湖市,113.4629974,29.8143005,0
821,0,0,蒲圻市,113.875,29.7089005,0
822,0,0,临湘市,113.4489975,29.4738007,0
823,0,0,通城县,113.8069992,29.2618008,0
824,0,0,岳阳县,113.112999,29.1408997,0
825,0,0,酉阳土家族苗族自治县,108.7659988,28.8421993,0
826,0,0,沿河土家族自治县,108.4940033,28.5613003,0
827,0,0,秀山土家族苗族自治县,108.987999,28.4508991,0
828,0,0,德江县,108.1190033,28.2602997,0
829,0,0,印江土家族苗族自治县,108.4110031,28.0081005,0
830,0,0,保靖县,109.6480026,28.7091999,0
831,0,0,古丈县,109.9520035,28.6128006,0
832,0,0,花垣县,109.487999,28.5883999,0
833,0,0,松桃苗族自治县,109.1940002,28.1693993,0
834,0,0,沅陵县,110.3970032,28.4587994,0
835,0,0,泸溪县,110.1539993,28.2805996,0
836,0,0,辰溪县,110.1829987,28.0189991,0
837,0,0,桃源县,111.4779968,28.9022007,0
838,0,0,安化县,111.2149963,28.3859005,0
839,0,0,沅江市,112.3799973,28.8383999,0
840,0,0,湘阴县,112.8799973,28.6767998,0
841,0,0,益阳县,112.3730011,28.5683002,0
842,0,0,桃江县,112.1340027,28.5202007,0
843,0,0,望城县,112.8069992,28.3771,0
844,0,0,宁乡县,112.5510025,28.2598991,0
845,0,0,长沙县,112.9779968,28.1987,0
846,0,0,汨罗市,113.0810013,28.8122997,0
847,0,0,平江县,113.5749969,28.7103996,0
848,0,0,浏阳市,113.6220016,28.1501007,0
849,0,0,汉寿县,111.9700012,28.9123001,0
850,0,0,新县,114.8580017,31.6259995,0
851,0,0,大悟县,114.1149979,31.5562992,0
852,0,0,红安县,114.6159973,31.2882996,0
853,0,0,商城县,115.4069977,31.8041,0
854,0,0,金寨县,115.8590012,31.6858006,0
855,0,0,六安市,116.4940033,31.7551994,0
856,0,0,舒城县,116.939003,31.4570999,0
857,0,0,霍山县,116.3199997,31.4083996,0
858,0,0,桐城市,116.939003,31.0529003,0
859,0,0,肥东县,117.4720001,31.8883991,0
860,0,0,肥西县,117.1579971,31.7175007,0
861,0,0,无为县,117.9120026,31.2991009,0
862,0,0,庐江县,117.2890015,31.2539997,0
863,0,0,江宁区,118.8399963,31.9564991,0
864,0,0,含山县,118.1029968,31.7206993,0
865,0,0,和县,118.3610001,31.7147999,0
866,0,0,当涂县,118.4840012,31.5562992,0
867,0,0,高淳县,118.8619995,31.3222008,0
868,0,0,芜湖县,118.5660019,31.1478004,0
869,0,0,繁昌县,118.1949997,31.0911999,0
870,0,0,丹阳市,119.5699997,31.9964008,0
871,0,0,句容市,119.163002,31.9470997,0
872,0,0,武进市,119.9530029,31.7833996,0
873,0,0,金坛市,119.5709991,31.7476006,0
874,0,0,溧水县,119.0230026,31.6571999,0
875,0,0,溧阳县,119.4860001,31.4312992,0
876,0,0,宜兴市,119.8150024,31.3642006,0
877,0,0,郎溪县,119.1819992,31.1347008,0
878,0,0,长兴县,119.9020004,31.0144997,0
879,0,0,黄陂县,114.3659973,30.8763008,0
880,0,0,新洲区,114.7990036,30.8463993,0
881,0,0,东西湖区,114.1320038,30.6373997,0
882,0,0,汉阳区,114.026001,30.5816002,0
883,0,0,黄州区,114.8659973,30.4475994,0
884,0,0,武昌区,114.3160019,30.3540001,0
885,0,0,汉南区,114.0759964,30.3288002,0
886,0,0,大冶市,114.9629974,30.0937004,0
887,0,0,罗田县,115.3909988,30.7908993,0
888,0,0,英山县,115.6699982,30.7427006,0
889,0,0,浠水县,115.2519989,30.4592991,0
890,0,0,蕲春县,115.4250031,30.2390995,0
891,0,0,黄梅县,115.9349976,30.0797997,0
892,0,0,岳西县,116.3580017,30.8577995,0
893,0,0,潜山县,116.5670013,30.6308994,0
894,0,0,太湖县,116.2649994,30.4206009,0
895,0,0,怀宁县,116.6470032,30.4095993,0
896,0,0,宿松县,116.1139984,30.1518002,0
897,0,0,望江县,116.6750031,30.1240997,0
898,0,0,铜陵县,117.788002,30.9543991,0
899,0,0,枞阳县,117.2109985,30.6942997,0
900,0,0,青阳县,117.862999,30.6371994,0
901,0,0,石台县,117.4670029,30.2082996,0
902,0,0,东至县,117.0179977,30.0981998,0
903,0,0,南陵县,118.3330002,30.9249992,0
904,0,0,泾县,118.4069977,30.6872997,0
905,0,0,宁国市,118.9779968,30.6205997,0
906,0,0,旌德县,118.5390015,30.2915993,0
907,0,0,绩溪县,118.5839996,30.0783005,0
908,0,0,广德县,119.4209976,30.8952999,0
909,0,0,安吉县,119.6880035,30.6382999,0
910,0,0,临安市,119.7220001,30.2315998,0
911,0,0,富阳市,119.947998,30.0540009,0
912,0,0,通山县,114.5039978,29.5977001,0
913,0,0,崇阳县,114.0439987,29.5494003,0
914,0,0,修水县,114.5599976,29.0393009,0
915,0,0,武穴市,115.5569992,29.8560009,0
916,0,0,阳新县,115.2099991,29.8306999,0
917,0,0,瑞昌市,115.6549988,29.6858997,0
918,0,0,九江县,115.8919983,29.6107006,0
919,0,0,德安县,115.7450027,29.3311005,0
920,0,0,武宁县,115.1019974,29.2630997,0
921,0,0,永修县,115.8099976,29.0478992,0
922,0,0,彭泽县,116.552002,29.8966999,0
923,0,0,湖口县,116.2180023,29.7355995,0
924,0,0,星子县,116.0410004,29.4540997,0
925,0,0,都昌县,116.189003,29.2730999,0
926,0,0,黟县,117.9309998,29.9337006,0
927,0,0,祁门县,117.7070007,29.8547001,0
928,0,0,浮梁县,117.2369995,29.3833008,0
929,0,0,婺源县,117.8450012,29.2453003,0
930,0,0,歙县,118.4339981,29.8663006,0
931,0,0,休宁县,118.1760025,29.7817993,0
932,0,0,开化县,118.4049988,29.1453991,0
933,0,0,桐庐县,119.6650009,29.8029995,0
934,0,0,淳安县,119.0400009,29.6030006,0
935,0,0,建德市,119.2720032,29.4806995,0
936,0,0,浦江县,119.8840027,29.4592991,0
937,0,0,兰溪市,119.4789963,29.2049999,0
938,0,0,金华县,119.6500015,29.1053009,0
939,0,0,龙游县,119.1729965,29.0352993,0
940,0,0,铜鼓县,114.3560028,28.5212002,0
941,0,0,宜丰县,114.7789993,28.3938999,0
942,0,0,上高县,114.927002,28.2418995,0
943,0,0,万载县,114.4499969,28.1121006,0
944,0,0,靖安县,115.3570023,28.8616009,0
945,0,0,奉新县,115.3769989,28.7077999,0
946,0,0,新建县,115.814003,28.6861992,0
947,0,0,南昌县,115.9329987,28.5529995,0
948,0,0,高安市,115.3730011,28.4260998,0
949,0,0,丰城市,115.7860031,28.1982994,0
950,0,0,樟树市,115.5400009,28.0648994,0
951,0,0,波阳县,116.6640015,28.9946995,0
952,0,0,余干县,116.6819992,28.6921005,0
953,0,0,进贤县,116.2590027,28.3649998,0
954,0,0,东乡县,116.6060028,28.2327995,0
955,0,0,余江县,116.8099976,28.2033005,0
956,0,0,乐平市,117.1240005,28.9654999,0
957,0,0,德兴市,117.5800018,28.9540005,0
958,0,0,万年县,117.0690002,28.6924,0
959,0,0,上饶县,117.9029999,28.4272003,0
960,0,0,横峰县,117.6029968,28.4242992,0
961,0,0,弋阳县,117.4219971,28.4023991,0
962,0,0,铅山县,117.7060013,28.3083992,0
963,0,0,贵溪市,117.2030029,28.2884007,0
964,0,0,衢县,118.8679962,28.9573994,0
965,0,0,常山县,118.5029984,28.9043007,0
966,0,0,江山市,118.6159973,28.7359009,0
967,0,0,玉山县,118.2409973,28.6800995,0
968,0,0,广丰县,118.1920013,28.4389992,0
969,0,0,武义县,119.8030014,28.8959999,0
970,0,0,遂昌县,119.2639999,28.5883999,0
971,0,0,松阳县,119.4860001,28.4512997,0
972,0,0,云和县,119.564003,28.1128998,0
973,0,0,龙泉市,119.1210022,28.0830994,0
974,0,0,安义县,115.5500031,28.8430996,0
975,0,0,湾里区,115.7310028,28.7201004,0
976,0,0,江阴市,120.2659988,31.9094009,0
977,0,0,张家港市,120.5449982,31.8652992,0
978,0,0,常熟市,120.7340012,31.6471996,0
979,0,0,无锡县,120.2969971,31.5751991,0
980,0,0,昆山市,120.9489975,31.3866997,0
981,0,0,吴县,120.6190033,31.3132992,0
982,0,0,吴江县,120.6380005,31.1676998,0
983,0,0,海门市,121.1689987,31.8943005,0
984,0,0,启东市,121.663002,31.8108997,0
985,0,0,崇明县,121.3899994,31.6282005,0
986,0,0,太仓市,121.098999,31.4515991,0
987,0,0,宝山区,121.487999,31.4085007,0
988,0,0,嘉定区,121.2490005,31.3864002,0
989,0,0,川沙县,121.697998,31.1977005,0
990,0,0,青浦县,121.1080017,31.1453991,0
991,0,0,上海县,121.3720016,31.1067009,0
992,0,0,南汇县,121.7519989,31.0559006,0
993,0,0,松江区,121.2279968,31.0100994,0
994,0,0,闵行区,121.4169998,31.0097008,0
995,0,0,嘉善县,120.9179993,30.8444004,0
996,0,0,桐乡市,120.5429993,30.6422997,0
997,0,0,德清县,120.0849991,30.5536995,0
998,0,0,海宁市,120.6940002,30.5293007,0
999,0,0,海盐县,120.9319992,30.5184002,0
1000,0,0,余杭市,120.2979965,30.4321003,0
1001,0,0,萧山市,120.2590027,30.1620998,0
1002,0,0,上虞市,120.8769989,30.0177994,0
1003,0,0,绍兴县,120.5790024,30.0051003,0
1004,0,0,奉贤县,121.4560013,30.9162006,0
1005,0,0,金山区,121.1579971,30.9018002,0
1006,0,0,平湖市,121.0130005,30.7047997,0
1007,0,0,慈溪市,121.2419968,30.1746998,0
1008,0,0,余姚市,121.1529999,30.0496006,0
1009,0,0,嵊泗县,122.4550018,30.7241001,0
1010,0,0,岱山县,122.2080002,30.2420998,0
1011,0,0,定海区,122.1019974,30.0156994,0
1012,0,0,诸暨市,120.2279968,29.7136993,0
1013,0,0,嵊州市,120.8160019,29.5879993,0
1014,0,0,新昌县,120.9029999,29.4951992,0
1015,0,0,义乌市,120.0719986,29.3006001,0
1016,0,0,东阳市,120.2279968,29.2611008,0
1017,0,0,磐安县,120.4319992,29.0512009,0
1018,0,0,镇海区,121.711998,29.9542999,0
1019,0,0,鄞县,121.5429993,29.8668995,0
1020,0,0,奉化市,121.4069977,29.6522007,0
1021,0,0,象山县,121.8669968,29.4750004,0
1022,0,0,宁海县,121.4260025,29.2842007,0
1023,0,0,天台县,121.0270004,29.1387997,0
1024,0,0,三门县,121.3769989,29.1098003,0
1025,0,0,普陀区,122.2929993,29.9521008,0
1026,0,0,永康市,120.026001,28.8978004,0
1027,0,0,仙居县,120.7340012,28.8526993,0
1028,0,0,缙云县,120.0589981,28.6488991,0
1029,0,0,永嘉县,120.6900024,28.1513996,0
1030,0,0,青田县,120.2890015,28.1443996,0
1031,0,0,乐清市,120.9580002,28.1312008,0
1032,0,0,瓯海区,120.6539993,28.0188007,0
1033,0,0,临海市,121.1210022,28.8437004,0
1034,0,0,黄岩区,121.2590027,28.6431007,0
1035,0,0,温岭市,121.3539963,28.3644009,0
1036,0,0,玉环县,121.2279968,28.1404991,0
1037,0,0,日土县,79.6531982,33.4230003,0
1038,0,0,革吉县,81.1190033,32.3927994,0
1039,0,0,改则县,84.0578995,32.2997017,0
1040,0,0,曲麻莱县,95.7727966,34.1278992,0
1041,0,0,治多县,95.6136017,33.8578987,0
1042,0,0,安多县,91.6703033,32.2601013,0
1043,0,0,聂荣县,92.2901001,32.1147003,0
1044,0,0,杂多县,95.3005981,32.9025993,0
1045,0,0,兴海县,99.9906998,35.5904007,0
1046,0,0,贵南县,100.7429962,35.5849991,0
1047,0,0,同德县,100.5749969,35.2554016,0
1048,0,0,泽库县,101.4710007,35.0373001,0
1049,0,0,玛多县,98.2082977,34.9225006,0
1050,0,0,河南蒙古族自治县,101.612999,34.7383003,0
1051,0,0,称多县,97.1038971,33.3608017,0
1052,0,0,甘德县,99.8990021,33.9602013,0
1053,0,0,达日县,99.6519012,33.7504997,0
1054,0,0,久治县,101.4830017,33.4264984,0
1055,0,0,囊谦县,96.4766998,32.2090988,0
1056,0,0,石渠县,98.0970001,32.9775009,0
1057,0,0,班玛县,100.7360001,32.9174004,0
1058,0,0,色达县,100.3349991,32.2705002,0
1059,0,0,壤塘县,100.9749985,32.269001,0
1060,0,0,阿坝县,101.7060013,32.8997993,0
1061,0,0,尖扎县,102.0370026,35.9370003,0
1062,0,0,循化撒拉族自治县,102.4810028,35.8468018,0
1063,0,0,积石山保安族东乡族撒拉族自治县,102.8720016,35.7200012,0
1064,0,0,临夏县,102.9810028,35.4973984,0
1065,0,0,夏河县,102.5059967,35.2056999,0
1066,0,0,永靖县,103.3399963,35.9482994,0
1067,0,0,东乡族自治县,103.3889999,35.6647987,0
1068,0,0,广河县,103.564003,35.4790001,0
1069,0,0,和政县,103.3460007,35.4311981,0
1070,0,0,临洮县,103.8580017,35.3799019,0
1071,0,0,康乐县,103.7040024,35.3723984,0
1072,0,0,榆中县,104.1080017,35.8474998,0
1073,0,0,渭源县,104.2099991,35.1402016,0
1074,0,0,陇西县,104.6360016,35.0078011,0
1075,0,0,西吉县,105.723999,35.9719009,0
1076,0,0,会宁县,105.0559998,35.6949005,0
1077,0,0,静宁县,105.7289963,35.5247993,0
1078,0,0,通渭县,105.2490005,35.2145996,0
1079,0,0,彭阳县,106.6429977,35.8442001,0
1080,0,0,隆德县,106.1220016,35.6178017,0
1081,0,0,泾源县,106.3410034,35.4948006,0
1082,0,0,华亭县,106.6520004,35.2195015,0
1083,0,0,庄浪县,106.0459976,35.2014999,0
1084,0,0,镇原县,107.1969986,35.6846008,0
1085,0,0,宁县,107.9309998,35.5021019,0
1086,0,0,泾川县,107.362999,35.3294983,0
1087,0,0,崇信县,107.0459976,35.3065987,0
1088,0,0,长武县,107.7890015,35.2061005,0
1089,0,0,灵台县,107.6159973,35.0726013,0
1090,0,0,碌曲县,102.4889984,34.5973015,0
1091,0,0,临潭县,103.3600006,34.6893997,0
1092,0,0,卓尼县,103.5080032,34.5988007,0
1093,0,0,迭部县,103.2180023,34.0628014,0
1094,0,0,漳县,104.4720001,34.8512993,0
1095,0,0,武山县,104.8850021,34.7206993,0
1096,0,0,岷县,104.0299988,34.4370995,0
1097,0,0,宕昌县,104.3960037,34.0516014,0
1098,0,0,秦安县,105.6729965,34.8638992,0
1099,0,0,甘谷县,105.3290024,34.7401009,0
1100,0,0,秦城区,105.7170029,34.5862007,0
1101,0,0,北道区,105.8990021,34.5780983,0
1102,0,0,礼县,105.1780014,34.1920013,0
1103,0,0,西和县,105.2910004,34.0125999,0
1104,0,0,张家川回族自治县,106.211998,34.9957008,0
1105,0,0,陇县,106.8529968,34.8921013,0
1106,0,0,清水县,106.137001,34.7470016,0
1107,0,0,麟游县,107.8130035,34.6846008,0
1108,0,0,千阳县,107.1340027,34.6455994,0
1109,0,0,凤翔县,107.3860016,34.523201,0
1110,0,0,岐山县,107.6269989,34.4403,0
1111,0,0,扶风县,107.8690033,34.3624992,0
1112,0,0,宝鸡县,107.3820038,34.3504982,0
1113,0,0,眉县,107.7549973,34.2742004,0
1114,0,0,太白县,107.3050003,34.0675011,0
1115,0,0,玛曲县,102.0770035,33.9958992,0
1116,0,0,若尔盖县,102.9580002,33.580101,0
1117,0,0,舟曲县,104.3649979,33.7915001,0
1118,0,0,武都县,104.9290009,33.3955002,0
1119,0,0,九寨沟县,104.2259979,33.2594986,0
1120,0,0,康县,105.5999985,33.3372993,0
1121,0,0,凤县,106.5130005,33.9189987,0
1122,0,0,两当县,106.2990036,33.9103012,0
1123,0,0,徽县,106.086998,33.7781982,0
1124,0,0,留坝县,106.927002,33.6198997,0
1125,0,0,略阳县,106.1610031,33.3330994,0
1126,0,0,勉县,106.6719971,33.1571007,0
1127,0,0,南郑县,106.9309998,33.0056,0
1128,0,0,佛坪县,107.9919968,33.5265007,0
1129,0,0,洋县,107.5419998,33.2216988,0
1130,0,0,城固县,107.3280029,33.1577988,0
1131,0,0,红原县,102.5490036,32.7939987,0
1132,0,0,黑水县,102.9800034,32.0662994,0
1133,0,0,松潘县,103.5930023,32.6489983,0
1134,0,0,文县,104.6780014,32.9487,0
1135,0,0,平武县,104.5299988,32.4137993,0
1136,0,0,朝天区,105.8919983,32.6296997,0
1137,0,0,青川县,105.2310028,32.5830994,0
1138,0,0,市中区,105.8330002,32.4445,0
1139,0,0,剑阁县,105.4629974,32.0340004,0
1140,0,0,宁强县,106.2539978,32.8203011,0
1141,0,0,南江县,106.8330002,32.3624001,0
1142,0,0,旺苍县,106.2910004,32.2234001,0
1143,0,0,西乡县,107.7600021,32.9908981,0
1144,0,0,镇巴县,107.8960037,32.5349007,0
1145,0,0,合水县,108.0189972,35.8185005,0
1146,0,0,正宁县,108.3700027,35.4953995,0
1147,0,0,旬邑县,108.3330002,35.1231995,0
1148,0,0,彬县,108.0780029,35.0404015,0
1149,0,0,富县,109.3669968,35.9962997,0
1150,0,0,洛川县,109.4280014,35.7622986,0
1151,0,0,黄龙县,109.836998,35.5920982,0
1152,0,0,黄陵县,109.2639999,35.5901985,0
1153,0,0,宜君县,109.112999,35.3979988,0
1154,0,0,澄城县,109.9309998,35.1916008,0
1155,0,0,白水县,109.586998,35.1823006,0
1156,0,0,乡宁县,110.8330002,35.9738998,0
1157,0,0,稷山县,110.9789963,35.6029015,0
1158,0,0,河津市,110.697998,35.5881004,0
1159,0,0,韩城市,110.4380035,35.4665985,0
1160,0,0,万荣县,110.8320007,35.4163017,0
1161,0,0,合阳县,110.151001,35.2433014,0
1162,0,0,临猗县,110.7740021,35.1486015,0
1163,0,0,浮山县,111.8430023,35.9682007,0
1164,0,0,襄汾县,111.4369965,35.8684006,0
1165,0,0,翼城县,111.7089996,35.7394981,0
1166,0,0,曲沃县,111.4700012,35.6419983,0
1167,0,0,新绛县,111.2160034,35.6170998,0
1168,0,0,侯马市,111.3379974,35.6096001,0
1169,0,0,绛县,111.5619965,35.4898987,0
1170,0,0,闻喜县,111.2170029,35.3583984,0
1171,0,0,垣曲县,111.6709976,35.3014984,0
1172,0,0,夏县,111.2200012,35.1380997,0
1173,0,0,高平市,112.9199982,35.7928009,0
1174,0,0,沁水县,112.1699982,35.6911011,0
1175,0,0,阳城县,112.4179993,35.4912987,0
1176,0,0,济源市,112.5830002,35.0931015,0
1177,0,0,沁阳市,112.9369965,35.0900002,0
1178,0,0,陵川县,113.2770004,35.778801,0
1179,0,0,辉县市,113.7939987,35.4594002,0
1180,0,0,新乡县,113.8679962,35.3106003,0
1181,0,0,获嘉县,113.6600037,35.2687988,0
1182,0,0,修武县,113.4349976,35.2318993,0
1183,0,0,博爱县,113.0630035,35.1665001,0
1184,0,0,武陟县,113.3929977,35.0996017,0
1185,0,0,原阳县,113.9629974,35.0526009,0
1186,0,0,耀县,108.9720001,34.9140015,0
1187,0,0,淳化县,108.5699997,34.8093987,0
1188,0,0,永寿县,108.1380005,34.6959,0
1189,0,0,三原县,108.9260025,34.6203995,0
1190,0,0,泾阳县,108.8379974,34.5340004,0
1191,0,0,乾县,108.2360001,34.5309982,0
1192,0,0,礼泉县,108.4169998,34.4906998,0
1193,0,0,兴平市,108.4830017,34.2994003,0
1194,0,0,杨陵区,108.0749969,34.2784004,0
1195,0,0,武功县,108.197998,34.2695999,0
1196,0,0,周至县,108.211998,34.1717987,0
1197,0,0,长安县,108.9449997,34.1621017,0
1198,0,0,户县,108.6039963,34.1124992,0
1199,0,0,蒲城县,109.5849991,34.9566002,0
1200,0,0,大荔县,109.939003,34.7979012,0
1201,0,0,富平县,109.1620026,34.7551003,0
1202,0,0,阎良区,109.2180023,34.6748009,0
1203,0,0,高陵县,109.0810013,34.5340004,0
1204,0,0,华县,109.7600021,34.5203018,0
1205,0,0,临潼区,109.2129974,34.3689995,0
1206,0,0,蓝田县,109.3219986,34.1543999,0
1207,0,0,永济市,110.4440002,34.8672981,0
1208,0,0,芮城县,110.6880035,34.6980019,0
1209,0,0,华阴市,110.0899963,34.5690002,0
1210,0,0,潼关县,110.2460022,34.5463982,0
1211,0,0,灵宝市,110.8659973,34.5281982,0
1212,0,0,洛南县,110.1350021,34.0964012,0
1213,0,0,平陆县,111.2109985,34.8418007,0
1214,0,0,陕县,111.1949997,34.7823982,0
1215,0,0,渑池县,111.7659988,34.7658997,0
1216,0,0,义马市,111.9179993,34.726799,0
1217,0,0,洛宁县,111.6539993,34.3865013,0
1218,0,0,卢氏县,111.0410004,34.053299,0
1219,0,0,孟州市,112.7829971,34.9039001,0
1220,0,0,孟津县,112.435997,34.8289986,0
1221,0,0,巩义市,112.9670029,34.7695007,0
1222,0,0,新安县,112.1439972,34.7336998,0
1223,0,0,偃师市,112.7799988,34.7318001,0
1224,0,0,宜阳县,112.1650009,34.513401,0
1225,0,0,伊川县,112.4260025,34.4225998,0
1226,0,0,汝州市,112.836998,34.1623993,0
1227,0,0,汝阳县,112.4580002,34.1563988,0
1228,0,0,嵩县,112.0879974,34.1478996,0
1229,0,0,温县,113.0759964,34.9388008,0
1230,0,0,荥阳市,113.3479996,34.7837982,0
1231,0,0,新密市,113.3550034,34.5153008,0
1232,0,0,登封市,113.0250015,34.456501,0
1233,0,0,新郑市,113.7190018,34.3979988,0
1234,0,0,长葛市,113.7610016,34.2246017,0
1235,0,0,禹州市,113.4670029,34.1632004,0
1236,0,0,许昌县,113.8199997,34.0321007,0
1237,0,0,宁陕县,108.322998,33.3224983,0
1238,0,0,石泉县,108.2539978,33.0439987,0
1239,0,0,柞水县,109.112999,33.6801987,0
1240,0,0,山阳县,109.8789978,33.5345993,0
1241,0,0,镇安县,109.1529999,33.4324989,0
1242,0,0,丹凤县,110.3290024,33.6949005,0
1243,0,0,商南县,110.8710022,33.531601,0
1244,0,0,栾川县,111.6159973,33.7901001,0
1245,0,0,西峡县,111.4749985,33.3013992,0
1246,0,0,淅川县,111.4789963,33.1391983,0
1247,0,0,内乡县,111.8389969,33.0508995,0
1248,0,0,鲁山县,112.9020004,33.7378006,0
1249,0,0,南召县,112.4250031,33.4950981,0
1250,0,0,方城县,112.9929962,33.2607002,0
1251,0,0,社旗县,112.935997,33.0606003,0
1252,0,0,南阳县,112.5360031,33.0023003,0
1253,0,0,郏县,113.2040024,33.9726982,0
1254,0,0,宝丰县,113.060997,33.8717995,0
1255,0,0,襄城县,113.4729996,33.8544006,0
1256,0,0,临颍县,113.9609985,33.8092995,0
1257,0,0,叶县,113.3460007,33.6240005,0
1258,0,0,舞阳县,113.586998,33.4332008,0
1259,0,0,舞钢市,113.5100021,33.3168983,0
1260,0,0,遂平县,113.9889984,33.1484985,0
1261,0,0,郾城县,113.9909973,33.5969009,0
1262,0,0,汉阴县,108.5159988,32.8959007,0
1263,0,0,紫阳县,108.538002,32.5379982,0
1264,0,0,岚皋县,108.8990021,32.3146019,0
1265,0,0,万源市,108.0459976,32.0705986,0
1266,0,0,旬阳县,109.3720016,32.8316994,0
1267,0,0,平利县,109.3610001,32.4011002,0
1268,0,0,竹溪县,109.7099991,32.3339996,0
1269,0,0,郧西县,110.4189987,32.9962997,0
1270,0,0,郧县,110.814003,32.8344002,0
1271,0,0,白河县,110.1070023,32.8153,0
1272,0,0,竹山县,110.2289963,32.226799,0
1273,0,0,房县,110.7269974,32.0596008,0
1274,0,0,老河口市,111.677002,32.3867989,0
1275,0,0,谷城县,111.6460037,32.2700005,0
1276,0,0,唐河县,112.8330002,32.6983986,0
1277,0,0,邓州市,112.0810013,32.6855011,0
1278,0,0,新野县,112.3590012,32.5255013,0
1279,0,0,枣阳市,112.7570038,32.1327019,0
1280,0,0,泌阳县,113.3190002,32.7238007,0
1281,0,0,桐柏县,113.3929977,32.3713989,0
1282,0,0,镇平县,112.2350006,33.0391998,0
1283,0,0,内黄县,114.8980026,35.9546013,0
1284,0,0,汤阴县,114.3529968,35.9262009,0
1285,0,0,浚县,114.5449982,35.6691017,0
1286,0,0,淇县,114.1949997,35.6071014,0
1287,0,0,滑县,114.5110016,35.5821991,0
1288,0,0,卫辉市,114.0709991,35.4110985,0
1289,0,0,长垣县,114.6829987,35.1990013,0
1290,0,0,延津县,114.1949997,35.1433983,0
1291,0,0,封丘县,114.4089966,35.0404015,0
1292,0,0,台前县,115.8539963,35.9975014,0
1293,0,0,范县,115.487999,35.9117012,0
1294,0,0,清丰县,115.1100006,35.9095001,0
1295,0,0,濮阳县,115.0139999,35.7057991,0
1296,0,0,郓城县,115.9349976,35.6058006,0
1297,0,0,鄄城县,115.5009995,35.5741997,0
1298,0,0,东明县,115.0889969,35.2991982,0
1299,0,0,定陶县,115.5670013,35.0746994,0
1300,0,0,东平县,116.2990036,35.9109993,0
1301,0,0,梁山县,116.086998,35.8033981,0
1302,0,0,宁阳县,116.7900009,35.7650986,0
1303,0,0,汶上县,116.4860001,35.7304993,0
1304,0,0,曲阜市,116.987999,35.5993004,0
1305,0,0,兖州市,116.8239975,35.5573997,0
1306,0,0,邹城市,116.9690018,35.4044991,0
1307,0,0,嘉祥县,116.3430023,35.4014015,0
1308,0,0,巨野县,116.0889969,35.3969002,0
1309,0,0,金乡县,116.3050003,35.0688019,0
1310,0,0,新泰市,117.7559967,35.9104004,0
1311,0,0,蒙阴县,117.9290009,35.7144012,0
1312,0,0,泗水县,117.2720032,35.6613998,0
1313,0,0,平邑县,117.6299973,35.5065994,0
1314,0,0,费县,117.9649963,35.2658997,0
1315,0,0,山亭区,117.4599991,35.0905991,0
1316,0,0,滕州市,117.1579971,35.0867996,0
1317,0,0,沂水县,118.6240005,35.7916985,0
1318,0,0,莒县,118.8349991,35.5825996,0
1319,0,0,沂南县,118.461998,35.5545006,0
1320,0,0,莒南县,118.8249969,35.1829987,0
1321,0,0,诸城市,119.4039993,35.9939995,0
1322,0,0,胶南市,119.9769974,35.8767014,0
1323,0,0,五莲县,119.2009964,35.7486992,0
1324,0,0,兰考县,114.8099976,34.8272018,0
1325,0,0,开封县,114.4260025,34.760601,0
1326,0,0,中牟县,114.026001,34.7327995,0
1327,0,0,杞县,114.7750015,34.5541992,0
1328,0,0,通许县,114.4589996,34.4757004,0
1329,0,0,尉氏县,114.1809998,34.4141006,0
1330,0,0,鄢陵县,114.1959991,34.1081009,0
1331,0,0,太康县,114.8570023,34.0644989,0
1332,0,0,扶沟县,114.3820038,34.0606995,0
1333,0,0,成武县,115.875,34.9628983,0
1334,0,0,曹县,115.5400009,34.8283005,0
1335,0,0,民权县,115.1399994,34.6553001,0
1336,0,0,宁陵县,115.3160019,34.4466019,0
1337,0,0,睢县,115.0660019,34.4311981,0
1338,0,0,虞城县,115.8529968,34.4019012,0
1339,0,0,柘城县,115.2969971,34.077301,0
1340,0,0,鱼台县,116.6500015,34.9991989,0
1341,0,0,单县,116.0800018,34.7985992,0
1342,0,0,沛县,116.927002,34.7387009,0
1343,0,0,丰县,116.5839996,34.7042999,0
1344,0,0,砀山县,116.3410034,34.4285011,0
1345,0,0,夏邑县,116.1220016,34.2387009,0
1346,0,0,萧县,116.9339981,34.1931992,0
1347,0,0,薛城区,117.2539978,34.8053017,0
1348,0,0,微山县,117.1169968,34.8050995,0
1349,0,0,峄城区,117.5879974,34.771801,0
1350,0,0,台儿庄区,117.7389984,34.5625,0
1351,0,0,贾汪区,117.4430008,34.4473991,0
1352,0,0,邳州市,117.9580002,34.3147011,0
1353,0,0,铜山县,117.1880035,34.2703018,0
1354,0,0,临沭县,118.6449966,34.925499,0
1355,0,0,苍山县,118.0459976,34.8544006,0
1356,0,0,郯城县,118.3349991,34.6188011,0
1357,0,0,东海县,118.7600021,34.5281982,0
1358,0,0,新沂市,118.3410034,34.3737984,0
1359,0,0,沭阳县,118.7779999,34.1348,0
1360,0,0,赣榆县,119.1240005,34.8414001,0
1361,0,0,灌云县,119.2559967,34.2989006,0
1362,0,0,响水县,119.5660019,34.200901,0
1363,0,0,灌南县,119.3470001,34.0910988,0
1364,0,0,滨海县,119.8339996,34.0116997,0
1365,0,0,西华县,114.5250015,33.7937012,0
1366,0,0,淮阳县,114.8830032,33.7346001,0
1367,0,0,商水县,114.5960007,33.5385017,0
1368,0,0,项城市,114.9000015,33.4429016,0
1369,0,0,西平县,114.0159988,33.3897018,0
1370,0,0,上蔡县,114.2600021,33.2678986,0
1371,0,0,汝南县,114.3460007,33.0082016,0
1372,0,0,亳州市,115.7710037,33.8800011,0
1373,0,0,鹿邑县,115.4820023,33.8614006,0
1374,0,0,郸城县,115.1900024,33.6453018,0
1375,0,0,沈丘县,115.064003,33.3981018,0
1376,0,0,界首市,115.3539963,33.2635002,0
1377,0,0,太和县,115.6090012,33.1660995,0
1378,0,0,临泉县,115.2559967,33.0719986,0
1379,0,0,永城市,116.3639984,33.9401016,0
1380,0,0,濉溪县,116.7750015,33.9160004,0
1381,0,0,宿县,116.9720001,33.6430016,0
1382,0,0,涡阳县,116.211998,33.5111008,0
1383,0,0,蒙城县,116.5559998,33.2692986,0
1384,0,0,利辛县,116.2030029,33.1337013,0
1385,0,0,睢宁县,117.9449997,33.8997002,0
1386,0,0,灵璧县,117.552002,33.5463982,0
1387,0,0,泗县,117.8789978,33.4790001,0
1388,0,0,固镇县,117.3119965,33.3152008,0
1389,0,0,五河县,117.8830032,33.1403999,0
1390,0,0,泗阳县,118.6790009,33.7125015,0
1391,0,0,泗洪县,118.211998,33.4569016,0
1392,0,0,洪泽县,118.8430023,33.2957993,0
1393,0,0,盱眙县,118.4960022,33.0153999,0
1394,0,0,阜宁县,119.7929993,33.7924995,0
1395,0,0,涟水县,119.262001,33.7669983,0
1396,0,0,淮阴区,119.0179977,33.6297989,0
1397,0,0,淮安市,119.1409988,33.5033989,0
1398,0,0,建湖县,119.7860031,33.4692993,0
1399,0,0,宝应县,119.3099976,33.236599,0
1400,0,0,金湖县,119.0179977,33.0209007,0
1401,0,0,平舆县,114.6269989,32.9628983,0
1402,0,0,确山县,114.0199966,32.8083,0
1403,0,0,新蔡县,114.973999,32.7518997,0
1404,0,0,正阳县,114.3809967,32.6097984,0
1405,0,0,息县,114.7289963,32.3431015,0
1406,0,0,罗山县,114.5220032,32.2029991,0
1407,0,0,信阳县,114.1190033,32.1026993,0
1408,0,0,光山县,114.8990021,32.0102997,0
1409,0,0,阜阳市,115.8089981,32.9037018,0
1410,0,0,阜南县,115.5830002,32.6413002,0
1411,0,0,淮滨县,115.401001,32.4460983,0
1412,0,0,固始县,115.6709976,32.1842003,0
1413,0,0,潢川县,115.0449982,32.1309013,0
1414,0,0,凤台县,116.7200012,32.7061996,0
1415,0,0,颍上县,116.2529984,32.6391983,0
1416,0,0,寿县,116.7770004,32.5764008,0
1417,0,0,怀远县,117.1940002,32.9572983,0
1418,0,0,凤阳县,117.5550003,32.8636017,0
1419,0,0,嘉山县,117.9860001,32.7807007,0
1420,0,0,定远县,117.6760025,32.530899,0
1421,0,0,长丰县,117.1620026,32.483799,0
1422,0,0,来安县,118.427002,32.4529991,0
1423,0,0,六合县,118.8379974,32.348999,0
1424,0,0,大厂区,118.7519989,32.2266006,0
1425,0,0,全椒县,118.2649994,32.098999,0
1426,0,0,江浦县,118.6179962,32.0654984,0
1427,0,0,兴化市,119.8379974,32.9347,0
1428,0,0,高邮市,119.4380035,32.7913017,0
1429,0,0,天长市,118.9990005,32.6911011,0
1430,0,0,邗江区,119.4380035,32.3918991,0
1431,0,0,江都市,119.5559998,32.4320984,0
1432,0,0,仪征市,119.1780014,32.2681999,0
1433,0,0,扬中市,119.8209991,32.2397995,0
1434,0,0,丹徒县,119.4449997,32.2070999,0
1435,0,0,霍邱县,116.2610016,32.3391991,0
1436,0,0,射阳县,120.2570038,33.7697983,0
1437,0,0,大丰市,120.4599991,33.1968994,0
1438,0,0,东台市,120.3059998,32.8460999,0
1439,0,0,海安县,120.4589996,32.5437012,0
1440,0,0,泰县,120.1449966,32.5088005,0
1441,0,0,如皋市,120.5589981,32.3846016,0
1442,0,0,泰兴市,120.0169983,32.1609993,0
1443,0,0,靖江市,120.2639999,32.0149994,0
1444,0,0,如东县,121.1949997,32.3116989,0
1445,0,0,南通县,121.0780029,32.0858002,0
1446,0,0,乌恰县,75.1863022,39.7061005,0
1447,0,0,疏附县,75.8567963,39.3763008,0
1448,0,0,阿克陶县,75.939003,39.1500015,0
1449,0,0,伽师县,76.739502,39.4944992,0
1450,0,0,疏勒县,76.0466995,39.4091988,0
1451,0,0,岳普湖县,76.7687988,39.2350998,0
1452,0,0,英吉沙县,76.1725006,38.9281006,0
1453,0,0,麦盖提县,77.6471024,38.9006996,0
1454,0,0,莎车县,77.2509995,38.4146004,0
1455,0,0,泽普县,77.2650986,38.1896019,0
1456,0,0,塔什库尔干塔吉克自治县,75.2248993,37.7762985,0
1457,0,0,叶城县,77.4161987,37.8857994,0
1458,0,0,巴楚县,78.5622025,39.7874985,0
1459,0,0,皮山县,78.2781982,37.6136017,0
1460,0,0,墨玉县,79.739502,37.2671013,0
1461,0,0,和田县,79.9273987,37.1066017,0
1462,0,0,洛浦县,80.1852036,37.0667,0
1463,0,0,策勒县,80.8016968,37.0013008,0
1464,0,0,民丰县,82.689003,37.0619011,0
1465,0,0,于田县,81.6661987,36.8496017,0
1466,0,0,若羌县,88.169899,39.0214005,0
1467,0,0,且末县,85.5266037,38.1389999,0
1468,0,0,肃北蒙古族自治县,94.8753967,39.5145988,0
1469,0,0,阿克塞哈萨克族自治县,94.264801,39.410099,0
1470,0,0,格尔木市,94.8936996,36.4267006,0
1471,0,0,玉门市,97.563797,39.8244019,0
1472,0,0,金塔县,98.9009018,39.9872017,0
1473,0,0,高台县,99.8200989,39.382,0
1474,0,0,临泽县,100.1640015,39.1493988,0
1475,0,0,阿拉善右旗,101.6729965,39.199501,0
1476,0,0,肃南裕固族自治县,99.6088028,38.8377991,0
1477,0,0,民乐县,100.8099976,38.4327011,0
1478,0,0,祁连县,100.2399979,38.1757011,0
1479,0,0,山丹县,101.0879974,38.7818985,0
1480,0,0,永昌县,101.9690018,38.2473984,0
1481,0,0,天峻县,99.0202026,37.3041,0
1482,0,0,刚察县,100.1320038,37.3274994,0
1483,0,0,乌兰县,98.4776993,36.9309006,0
1484,0,0,都兰县,98.0936966,36.3068008,0
1485,0,0,海晏县,100.9860001,36.9001007,0
1486,0,0,大通回族土族自治县,101.6669998,36.9221001,0
1487,0,0,互助土族自治县,101.9499969,36.8358002,0
1488,0,0,湟源县,101.2679977,36.6894989,0
1489,0,0,湟中县,101.564003,36.5003014,0
1490,0,0,贵德县,101.447998,36.0540009,0
1491,0,0,乌达区,106.7129974,39.5018997,0
1492,0,0,石炭井区,106.3379974,39.2428017,0
1493,0,0,石嘴山区,106.7649994,39.2359009,0
1494,0,0,鄂托克旗,107.9820023,39.094799,0
1495,0,0,民勤县,103.0889969,38.6264,0
1496,0,0,平罗县,106.5429993,38.9071999,0
1497,0,0,陶乐县,106.6940002,38.8114014,0
1498,0,0,贺兰县,106.3479996,38.5535011,0
1499,0,0,新城区,106.177002,38.4916,0
1500,0,0,新市区,106.1279984,38.4900017,0
1501,0,0,永宁县,106.2509995,38.2785988,0
1502,0,0,灵武市,106.3280029,38.0895996,0
1503,0,0,鄂托克前旗,107.435997,38.2254982,0
1504,0,0,古浪县,102.8809967,37.4646988,0
1505,0,0,景泰县,104.060997,37.1559982,0
1506,0,0,中卫县,105.1869965,37.5139999,0
1507,0,0,中宁县,105.6740036,37.490799,0
1508,0,0,盐池县,107.4039993,37.7820015,0
1509,0,0,定边县,107.5920029,37.593399,0
1510,0,0,乐都县,102.3939972,36.487999,0
1511,0,0,红古区,102.8860016,36.4333,0
1512,0,0,民和回族土族自治县,102.8059998,36.3311005,0
1513,0,0,化隆回族自治县,102.2689972,36.0946999,0
1514,0,0,天祝藏族自治县,103.1210022,36.9814987,0
1515,0,0,永登县,103.2590027,36.7377014,0
1516,0,0,皋兰县,103.9459991,36.3256989,0
1517,0,0,平川区,104.8300018,36.7158012,0
1518,0,0,靖远县,104.6839981,36.5660019,0
1519,0,0,白银区,104.1740036,36.5470009,0
1520,0,0,同心县,105.9059982,36.9827995,0
1521,0,0,海原县,105.6419983,36.5612984,0
1522,0,0,环县,107.3040009,36.5741005,0
1523,0,0,华池县,107.9899979,36.4562988,0
1524,0,0,庆阳县,107.8759995,36.0059013,0
1525,0,0,惠农县,106.6869965,39.1125984,0
1526,0,0,青铜峡市,105.9810028,37.9034996,0
1527,0,0,杭锦旗,108.7229996,39.8404007,0
1528,0,0,伊金霍洛旗,109.7340012,39.5674019,0
1529,0,0,准格尔旗,110.8799973,39.6478004,0
1530,0,0,清水河县,111.6750031,39.9141998,0
1531,0,0,偏关县,111.4970016,39.4427986,0
1532,0,0,河曲县,111.1380005,39.3810005,0
1533,0,0,府谷县,111.0749969,39.0329018,0
1534,0,0,保德县,111.0800018,39.0131989,0
1535,0,0,右玉县,112.4580002,39.985199,0
1536,0,0,平鲁区,112.2929993,39.5256996,0
1537,0,0,山阴县,112.8379974,39.5149994,0
1538,0,0,神池县,112.1949997,39.0942001,0
1539,0,0,代县,112.9489975,39.0611992,0
1540,0,0,宁武县,112.3050003,39.0078011,0
1541,0,0,怀仁县,113.1029968,39.8209,0
1542,0,0,浑源县,113.6849976,39.6971016,0
1543,0,0,应县,113.1829987,39.5609016,0
1544,0,0,繁峙县,113.2720032,39.1907997,0
1545,0,0,乌审旗,108.8499985,38.5993996,0
1546,0,0,神木县,110.5009995,38.8227005,0
1547,0,0,佳县,110.4960022,38.0239983,0
1548,0,0,五寨县,111.8420029,38.9012985,0
1549,0,0,岢岚县,111.5699997,38.7047005,0
1550,0,0,兴县,111.1240005,38.4734001,0
1551,0,0,静乐县,111.9400024,38.3583984,0
1552,0,0,岚县,111.6790009,38.2834015,0
1553,0,0,娄烦县,111.7919998,38.0741005,0
1554,0,0,原平市,112.6989975,38.729599,0
1555,0,0,定襄县,112.9440002,38.4934006,0
1556,0,0,阳曲县,112.6669998,38.0640984,0
1557,0,0,五台县,113.2590027,38.7198982,0
1558,0,0,盂县,113.413002,38.0917015,0
1559,0,0,靖边县,108.8050003,37.5942993,0
1560,0,0,横山县,109.2919998,37.9599991,0
1561,0,0,子长县,109.6689987,37.138401,0
1562,0,0,临县,110.9830017,37.9536018,0
1563,0,0,米脂县,110.1829987,37.7610016,0
1564,0,0,子洲县,110.0100021,37.6351013,0
1565,0,0,绥德县,110.2539978,37.5017014,0
1566,0,0,吴堡县,110.7320023,37.4575996,0
1567,0,0,柳林县,110.8809967,37.4361992,0
1568,0,0,清涧县,110.1259995,37.0974007,0
1569,0,0,方山县,111.2320023,37.8833008,0
1570,0,0,中阳县,111.1880035,37.3403015,0
1571,0,0,汾阳市,111.7789993,37.2640991,0
1572,0,0,孝义市,111.7829971,37.144001,0
1573,0,0,介休市,111.9120026,37.0271988,0
1574,0,0,古交市,112.1549988,37.9109001,0
1575,0,0,清徐县,112.3399963,37.6119003,0
1576,0,0,交城县,112.1559982,37.5452003,0
1577,0,0,文水县,112.0240021,37.4376984,0
1578,0,0,太谷县,112.5530014,37.4262009,0
1579,0,0,祁县,112.3160019,37.354599,0
1580,0,0,平遥县,112.1780014,37.2080002,0
1581,0,0,榆社县,112.9639969,37.071701,0
1582,0,0,寿阳县,113.1689987,37.8875008,0
1583,0,0,平定县,113.6230011,37.8027992,0
1584,0,0,昔阳县,113.6969986,37.6091003,0
1585,0,0,和顺县,113.5670013,37.3321991,0
1586,0,0,左权县,113.3679962,37.0750008,0
1587,0,0,吴旗县,108.177002,36.9286003,0
1588,0,0,志丹县,108.7679977,36.8238983,0
1589,0,0,安塞县,109.3249969,36.8693008,0
1590,0,0,甘泉县,109.3450012,36.2793007,0
1591,0,0,延川县,110.1819992,36.8804016,0
1592,0,0,永和县,110.6340027,36.7621994,0
1593,0,0,隰县,110.9309998,36.6884003,0
1594,0,0,延长县,110.0090027,36.5844002,0
1595,0,0,大宁县,110.7429962,36.4706993,0
1596,0,0,吉县,110.6750031,36.0962982,0
1597,0,0,宜川县,110.1650009,36.0458984,0
1598,0,0,石楼县,110.8270035,36.9963989,0
1599,0,0,交口县,111.1999969,36.9603996,0
1600,0,0,灵石县,111.776001,36.8428993,0
1601,0,0,汾西县,111.5630035,36.6512985,0
1602,0,0,霍州市,111.7279968,36.5644989,0
1603,0,0,蒲县,111.0970001,36.4165001,0
1604,0,0,古县,111.9169998,36.2835999,0
1605,0,0,洪洞县,111.6829987,36.2601013,0
1606,0,0,武乡县,112.862999,36.8375015,0
1607,0,0,沁县,112.6989975,36.7582016,0
1608,0,0,沁源县,112.3300018,36.4977989,0
1609,0,0,屯留县,112.8830032,36.3227005,0
1610,0,0,安泽县,112.2409973,36.1447983,0
1611,0,0,长子县,112.8740005,36.1206017,0
1612,0,0,涉县,113.6709976,36.5648994,0
1613,0,0,襄垣县,113.0410004,36.5353012,0
1614,0,0,黎城县,113.3799973,36.5051003,0
1615,0,0,潞城市,113.2210007,36.3358002,0
1616,0,0,平顺县,113.4309998,36.2015991,0
1617,0,0,壶关县,113.1999969,36.1142006,0
1618,0,0,林州市,113.8130035,36.0695,0
1619,0,0,长治县,113.0449982,36.0461006,0
1620,0,0,蔚县,114.5690002,39.841301,0
1621,0,0,广灵县,114.276001,39.7643013,0
1622,0,0,灵丘县,114.2289963,39.4384995,0
1623,0,0,涞源县,114.689003,39.3548012,0
1624,0,0,房山区,115.9850006,39.7112999,0
1625,0,0,涿州市,115.9680023,39.487999,0
1626,0,0,涞水县,115.7080002,39.3925018,0
1627,0,0,易县,115.4940033,39.3498001,0
1628,0,0,高碑店市,115.8590012,39.3264999,0
1629,0,0,定兴县,115.7750015,39.270401,0
1630,0,0,容城县,115.8659973,39.0523987,0
1631,0,0,徐水县,115.6579971,39.0201988,0
1632,0,0,海淀区,116.3010025,39.9840012,0
1633,0,0,门头沟区,116.0930023,39.9365005,0
1634,0,0,石景山区,116.1620026,39.9216003,0
1635,0,0,朝阳区,116.4449997,39.9152985,0
1636,0,0,通州区,116.6589966,39.9067001,0
1637,0,0,大厂回族自治县,116.9860001,39.8855019,0
1638,0,0,丰台区,116.2839966,39.8502007,0
1639,0,0,香河县,116.9960022,39.7659988,0
1640,0,0,大兴县,116.3339996,39.7268982,0
1641,0,0,固安县,116.302002,39.4364014,0
1642,0,0,永清县,116.4909973,39.3264999,0
1643,0,0,霸州市,116.3960037,39.1022987,0
1644,0,0,三河市,117.0759964,39.9836006,0
1645,0,0,玉田县,117.7549973,39.8843994,0
1646,0,0,宝坻县,117.3030014,39.7266998,0
1647,0,0,武清区,117.0630035,39.3793983,0
1648,0,0,宁河县,117.8320007,39.3325996,0
1649,0,0,汉沽区,117.814003,39.2490005,0
1650,0,0,北郊区,117.1299973,39.2238007,0
1651,0,0,西郊区,117.0029984,39.1464996,0
1652,0,0,东郊区,117.3099976,39.0876007,0
1653,0,0,塘沽区,117.651001,39.027401,0
1654,0,0,卢龙县,118.8619995,39.8781013,0
1655,0,0,丰润县,118.1350021,39.8283997,0
1656,0,0,滦县,118.7529984,39.7403984,0
1657,0,0,开平区,118.2689972,39.6738014,0
1658,0,0,丰南市,118.1149979,39.5680008,0
1659,0,0,滦南县,118.685997,39.5093994,0
1660,0,0,乐亭县,118.9189987,39.4255981,0
1661,0,0,唐海县,118.4609985,39.2783012,0
1662,0,0,抚宁县,119.2310028,39.8853989,0
1663,0,0,昌黎县,119.1669998,39.7076988,0
1664,0,0,阜平县,114.1880035,38.8538017,0
1665,0,0,唐县,114.9690018,38.7421989,0
1666,0,0,曲阳县,114.6900024,38.6222,0
1667,0,0,定州市,114.9749985,38.5208015,0
1668,0,0,行唐县,114.5439987,38.4367981,0
1669,0,0,新乐市,114.6760025,38.3432007,0
1670,0,0,灵寿县,114.3659973,38.3061981,0
1671,0,0,平山县,114.1940002,38.2532005,0
1672,0,0,正定县,114.564003,38.1408997,0
1673,0,0,获鹿县,114.3079987,38.0839005,0
1674,0,0,藁城市,114.8339996,38.0374985,0
1675,0,0,井陉县,114.1380005,38.0349007,0
1676,0,0,满城县,115.3160019,38.9485016,0
1677,0,0,安新县,115.9290009,38.9258995,0
1678,0,0,完县,115.1240005,38.8339996,0
1679,0,0,清苑县,115.4850006,38.7573013,0
1680,0,0,望都县,115.1340027,38.7060013,0
1681,0,0,高阳县,115.7750015,38.6897011,0
1682,0,0,蠡县,115.5749969,38.490799,0
1683,0,0,博野县,115.4589996,38.4583015,0
1684,0,0,肃宁县,115.8320007,38.4324989,0
1685,0,0,安国市,115.3150024,38.4131012,0
1686,0,0,饶阳县,115.7360001,38.2467003,0
1687,0,0,安平县,115.5110016,38.2313004,0
1688,0,0,深泽县,115.1920013,38.1856003,0
1689,0,0,无极县,114.9700012,38.1775017,0
1690,0,0,武强县,115.9779968,38.0438004,0
1691,0,0,晋州市,115.0360031,38.0331993,0
1692,0,0,深州市,115.5490036,38.0125008,0
1693,0,0,雄县,116.0930023,38.9766006,0
1694,0,0,静海县,116.9189987,38.9351006,0
1695,0,0,文安县,116.4649963,38.8656006,0
1696,0,0,任丘市,116.0910034,38.7084007,0
1697,0,0,大城县,116.6220016,38.6966019,0
1698,0,0,青县,116.8259964,38.581501,0
1699,0,0,河间市,116.0859985,38.4364014,0
1700,0,0,沧县,116.8619995,38.3097,0
1701,0,0,献县,116.1149979,38.1913986,0
1702,0,0,泊头市,116.5670013,38.0628014,0
1703,0,0,南皮县,116.6969986,38.0382996,0
1704,0,0,南郊区,117.3860016,38.990799,0
1705,0,0,大港区,117.4570007,38.8396988,0
1706,0,0,黄骅市,117.3519974,38.3671989,0
1707,0,0,海兴县,117.4990005,38.1360016,0
1708,0,0,孟村回族自治县,117.098999,38.0569992,0
1709,0,0,盐山县,117.2259979,38.0560989,0
1710,0,0,栾城县,114.6529999,37.8865013,0
1711,0,0,赵县,114.7720032,37.7537003,0
1712,0,0,元氏县,114.5090027,37.7508011,0
1713,0,0,赞皇县,114.3769989,37.6633987,0
1714,0,0,宁晋县,114.9160004,37.6217995,0
1715,0,0,高邑县,114.6119995,37.6054993,0
1716,0,0,柏乡县,114.6809998,37.4953995,0
1717,0,0,临城县,114.5,37.4406013,0
1718,0,0,隆尧县,114.7659988,37.3530006,0
1719,0,0,内丘县,114.512001,37.2957001,0
1720,0,0,任县,114.6809998,37.1268005,0
1721,0,0,邢台县,114.4950027,37.0671005,0
1722,0,0,辛集市,115.2160034,37.9146996,0
1723,0,0,武邑县,115.8909988,37.8067017,0
1724,0,0,冀州市,115.564003,37.5667,0
1725,0,0,新河县,115.2470016,37.5303001,0
1726,0,0,枣强县,115.7180023,37.5033989,0
1727,0,0,南宫市,115.3799973,37.3599014,0
1728,0,0,故城县,115.9710007,37.3446007,0
1729,0,0,巨鹿县,115.0230026,37.2131004,0
1730,0,0,清河县,115.6569977,37.0708008,0
1731,0,0,广宗县,115.1460037,37.0688019,0
1732,0,0,平乡县,115.0230026,37.0686989,0
1733,0,0,东光县,116.5329971,37.8852997,0
1734,0,0,阜城县,116.1449966,37.8689003,0
1735,0,0,景县,116.2580032,37.6887016,0
1736,0,0,宁津县,116.7929993,37.6506004,0
1737,0,0,吴桥县,116.3840027,37.6273994,0
1738,0,0,陵县,116.5790024,37.3328018,0
1739,0,0,武城县,116.072998,37.2139015,0
1740,0,0,临邑县,116.8610001,37.1920013,0
1741,0,0,平原县,116.4290009,37.1585007,0
1742,0,0,庆云县,117.3840027,37.7766991,0
1743,0,0,无棣县,117.6019974,37.7414017,0
1744,0,0,乐陵市,117.2170029,37.7386017,0
1745,0,0,阳信县,117.5770035,37.6416016,0
1746,0,0,惠民县,117.5039978,37.4833984,0
1747,0,0,商河县,117.1579971,37.3093987,0
1748,0,0,高青县,117.8170013,37.1759987,0
1749,0,0,河口区,118.5410004,37.8921013,0
1750,0,0,沾化县,118.1279984,37.7010994,0
1751,0,0,垦利县,118.5400009,37.5909004,0
1752,0,0,利津县,118.2559967,37.4920006,0
1753,0,0,博兴县,118.1279984,37.1361008,0
1754,0,0,广饶县,118.401001,37.050499,0
1755,0,0,莱州市,119.9380035,37.1761017,0
1756,0,0,南和县,114.6880035,37.0003014,0
1757,0,0,鸡泽县,114.875,36.9247017,0
1758,0,0,沙河市,114.487999,36.858799,0
1759,0,0,永年县,114.4830017,36.7910995,0
1760,0,0,曲周县,114.9499969,36.7799988,0
1761,0,0,武安市,114.1920013,36.6982994,0
1762,0,0,邯郸县,114.5309982,36.5886993,0
1763,0,0,肥乡县,114.8030014,36.5527,0
1764,0,0,广平县,114.9369965,36.4812012,0
1765,0,0,成安县,114.6940002,36.4421005,0
1766,0,0,磁县,114.375,36.3597984,0
1767,0,0,魏县,114.9290009,36.3582993,0
1768,0,0,临漳县,114.6070023,36.3419991,0
1769,0,0,安阳县,114.3460007,36.098999,0
1770,0,0,威县,115.2600021,36.9748993,0
1771,0,0,夏津县,116.0029984,36.9510002,0
1772,0,0,临西县,115.4909973,36.8594017,0
1773,0,0,临清市,115.7020035,36.8469009,0
1774,0,0,丘县,115.1660004,36.8199005,0
1775,0,0,馆陶县,115.2979965,36.5349998,0
1776,0,0,冠县,115.4369965,36.4738007,0
1777,0,0,大名县,115.1470032,36.2761993,0
1778,0,0,莘县,115.6669998,36.2383995,0
1779,0,0,南乐县,115.197998,36.0782013,0
1780,0,0,禹城市,116.6529999,36.9460983,0
1781,0,0,高唐县,116.2310028,36.8623009,0
1782,0,0,齐河县,116.7519989,36.7942009,0
1783,0,0,茌平县,116.2509995,36.5872993,0
1784,0,0,长清县,116.723999,36.5535011,0
1785,0,0,东阿县,116.2399979,36.3302994,0
1786,0,0,平阴县,116.4489975,36.2876015,0
1787,0,0,肥城市,116.7669983,36.1903992,0
1788,0,0,济阳县,117.211998,36.9735985,0
1789,0,0,邹平县,117.7269974,36.8863983,0
1790,0,0,周村区,117.8310013,36.7919998,0
1791,0,0,章丘市,117.5240021,36.7139015,0
1792,0,0,历城区,117.0619965,36.6871986,0
1793,0,0,淄川区,117.961998,36.6376991,0
1794,0,0,博山区,117.8539963,36.4987984,0
1795,0,0,桓台县,118.1100006,36.9539986,0
1796,0,0,寿光市,118.7389984,36.8805008,0
1797,0,0,临淄区,118.288002,36.8102989,0
1798,0,0,昌乐县,118.836998,36.7042999,0
1799,0,0,青州市,118.4789963,36.6885986,0
1800,0,0,临朐县,118.5429993,36.5119019,0
1801,0,0,沂源县,118.163002,36.1856995,0
1802,0,0,昌邑市,119.4000015,36.8563995,0
1803,0,0,平度市,119.9489975,36.7888985,0
1804,0,0,寒亭区,119.223999,36.7700005,0
1805,0,0,安丘市,119.197998,36.4296989,0
1806,0,0,高密市,119.7529984,36.3861008,0
1807,0,0,阳谷县,115.776001,36.1165009,0
1808,0,0,坊子区,119.1539993,36.5965004,0
1809,0,0,瓦房店市,121.9800034,39.6217995,0
1810,0,0,普兰店市,121.9570007,39.3908005,0
1811,0,0,金州区,121.7020035,39.0997009,0
1812,0,0,长海县,122.5770035,39.2733994,0
1813,0,0,东港市,124.1429977,39.8699989,0
1814,0,0,旅顺口区,121.2559967,38.8095016,0
1815,0,0,长岛县,120.7300034,37.917099,0
1816,0,0,蓬莱市,120.7409973,37.8051987,0
1817,0,0,招远市,120.3889999,37.3529015,0
1818,0,0,牟平区,121.5879974,37.3773003,0
1819,0,0,莱西市,120.5070038,36.8571014,0
1820,0,0,即墨市,120.4509964,36.3828011,0
1821,0,0,崂山区,120.4089966,36.1571999,0
1822,0,0,黄岛区,120.2190018,36.0491982,0
1823,0,0,庄河市,122.9800034,39.6982002,0
1824,0,0,文登市,122.0569992,37.1938019,0
1825,0,0,荣城市,122.4089966,37.1655998,0
1826,0,0,福山区,121.2610016,37.4939995,0
1827,0,0,栖霞市,120.8280029,37.3031006,0
1828,0,0,龙口市,120.3349991,37.6567993,0
1829,0,0,乳山市,121.5139999,36.9085007,0
1830,0,0,海阳市,121.1579971,36.7733994,0
1831,0,0,莱阳市,120.7060013,36.9719009,0
1832,0,0,胶州市,120.0080032,36.3007011,0
1833,0,0,伊宁县,81.5210037,43.9730988,0
1834,0,0,察布查尔锡伯自治县,81.1483994,43.8367996,0
1835,0,0,特克斯县,81.8405991,43.213501,0
1836,0,0,昭苏县,81.1267014,43.158699,0
1837,0,0,尼勒克县,82.4988022,43.7849007,0
1838,0,0,巩留县,82.2274017,43.4804993,0
1839,0,0,新源县,83.2563019,43.4374008,0
1840,0,0,乌什县,79.2288971,41.2139015,0
1841,0,0,温宿县,80.2433014,41.2736015,0
1842,0,0,拜城县,81.8659973,41.7939987,0
1843,0,0,库车县,82.9642029,41.716301,0
1844,0,0,新和县,82.5997009,41.5463982,0
1845,0,0,沙雅县,82.776001,41.2192993,0
1846,0,0,阿合奇县,78.4542007,40.9291992,0
1847,0,0,柯坪县,79.0439987,40.5038986,0
1848,0,0,阿瓦提县,80.375,40.6319008,0
1849,0,0,米泉市,87.6484985,43.9599991,0
1850,0,0,乌鲁木齐县,87.6035004,43.7915001,0
1851,0,0,吉木萨尔县,89.1763,43.9970016,0
1852,0,0,和硕县,86.8623962,42.2573013,0
1853,0,0,焉耆回族自治县,86.5602036,42.0593987,0
1854,0,0,托克逊县,88.656601,42.7890015,0
1855,0,0,轮台县,84.2506027,41.7745018,0
1856,0,0,尉犁县,86.2631989,41.3325996,0
1857,0,0,和静县,86.3855972,42.3167992,0
1858,0,0,博湖县,86.6379013,41.9718018,0
1859,0,0,木垒哈萨克自治县,90.2893982,43.8222008,0
1860,0,0,巴里坤哈萨克自治县,93.0131989,43.593399,0
1861,0,0,伊吾县,94.6809998,43.2537994,0
1862,0,0,鄯善县,90.2138977,42.861599,0
1863,0,0,敦煌市,94.6505966,40.1413002,0
1864,0,0,安西县,95.7888031,40.5351982,0
1865,0,0,额济纳旗,101.0719986,41.9723015,0
1866,0,0,乌拉特后旗,107.0569992,41.4440994,0
1867,0,0,杭锦后旗,107.1449966,40.8829994,0
1868,0,0,磴口县,107,40.3256989,0
1869,0,0,二连浩特市,111.9700012,43.6501999,0
1870,0,0,苏尼特左旗,113.7259979,43.844799,0
1871,0,0,苏尼特右旗,112.6449966,42.7414017,0
1872,0,0,镶黄旗,113.8430023,42.2435989,0
1873,0,0,五原县,108.2689972,41.0938988,0
1874,0,0,白云矿区,109.9710007,41.7687988,0
1875,0,0,达尔罕茂明安联合旗,110.4290009,41.6955986,0
1876,0,0,固阳县,110.0540009,41.0287018,0
1877,0,0,四子王旗,111.6920013,41.5154991,0
1878,0,0,武川县,111.4430008,41.096199,0
1879,0,0,察哈尔右翼中旗,112.6269989,41.2661018,0
1880,0,0,化德县,113.9860001,41.8908005,0
1881,0,0,商都县,113.5360031,41.5540009,0
1882,0,0,察哈尔右翼后旗,113.177002,41.4515991,0
1883,0,0,尚义县,113.9629974,41.0760002,0
1884,0,0,乌拉特前旗,108.651001,40.7192001,0
1885,0,0,青山区,109.8889999,40.665699,0
1886,0,0,昆都仑区,109.7490005,40.6612015,0
1887,0,0,东河区,110.0319977,40.5816994,0
1888,0,0,土默特右旗,110.5130005,40.5488014,0
1889,0,0,达拉特旗,110.0289993,40.3977013,0
1890,0,0,土默特左旗,111.125,40.7089996,0
1891,0,0,和林格尔县,111.8219986,40.3731995,0
1892,0,0,托克托县,111.1549988,40.2719994,0
1893,0,0,卓资县,112.564003,40.8953018,0
1894,0,0,凉城县,112.4960022,40.5255013,0
1895,0,0,左云县,112.6940002,40.0088997,0
1896,0,0,兴和县,113.8880005,40.8774986,0
1897,0,0,察哈尔右翼前旗,113.2050018,40.7807007,0
1898,0,0,丰镇市,113.1539993,40.4374008,0
1899,0,0,阳高县,113.7519989,40.3544998,0
1900,0,0,新荣区,113.1500015,40.267601,0
1901,0,0,大同县,113.5940018,40.0397987,0
1902,0,0,乌拉特中旗,108.5210037,41.5616989,0
1903,0,0,克什克腾旗,117.5110016,43.2487984,0
1904,0,0,林西县,118.0510025,43.6016998,0
1905,0,0,巴林右旗,118.6669998,43.523201,0
1906,0,0,巴林左旗,119.3809967,43.9794006,0
1907,0,0,正镶白旗,114.9980011,42.3073997,0
1908,0,0,正蓝旗,115.9960022,42.2470016,0
1909,0,0,多伦县,116.4710007,42.1850014,0
1910,0,0,翁牛特旗,119.0189972,42.9352989,0
1911,0,0,敖汉旗,119.8970032,42.285099,0
1912,0,0,康保县,114.6039963,41.8494987,0
1913,0,0,张北县,114.7129974,41.1562996,0
1914,0,0,太仆寺旗,115.2779999,41.8913994,0
1915,0,0,沽源县,115.6969986,41.6669006,0
1916,0,0,丰宁满族自治县,116.6409988,41.2038002,0
1917,0,0,围场满族蒙古族自治县,117.7409973,41.9432983,0
1918,0,0,隆化县,117.7269974,41.3143005,0
1919,0,0,喀喇沁旗,118.6869965,41.9305,0
1920,0,0,平泉县,118.6809998,41.0073013,0
1921,0,0,宁城县,119.3349991,41.5942001,0
1922,0,0,建平县,119.637001,41.4029007,0
1923,0,0,凌源县,119.3899994,41.2402992,0
1924,0,0,喀喇沁左翼蒙古族自治县,119.7360001,41.1230011,0
1925,0,0,万全县,114.7210007,40.7514992,0
1926,0,0,怀安县,114.4189987,40.6696014,0
1927,0,0,天镇县,114.0820007,40.4165993,0
1928,0,0,阳原县,114.1650009,40.1122017,0
1929,0,0,崇礼县,115.2699966,40.9762001,0
1930,0,0,赤城县,115.814003,40.914299,0
1931,0,0,宣化县,115.0510025,40.6111984,0
1932,0,0,延庆县,115.9690018,40.4604988,0
1933,0,0,怀来县,115.5110016,40.3983994,0
1934,0,0,涿鹿县,115.2149963,40.3773003,0
1935,0,0,密云县,116.8410034,40.3722992,0
1936,0,0,怀柔县,116.6259995,40.3129005,0
1937,0,0,昌平县,116.223999,40.2229004,0
1938,0,0,顺义区,116.6419983,40.1282997,0
1939,0,0,滦平县,117.3320007,40.9296989,0
1940,0,0,兴隆县,117.4909973,40.412899,0
1941,0,0,遵化市,117.9580002,40.1851997,0
1942,0,0,平谷县,117.112999,40.1371002,0
1943,0,0,蓟县,117.4020004,40.0446014,0
1944,0,0,承德县,118.1569977,40.7591019,0
1945,0,0,宽城满族自治县,118.4810028,40.5998993,0
1946,0,0,青龙满族自治县,118.9449997,40.4051018,0
1947,0,0,迁西县,118.310997,40.1427002,0
1948,0,0,迁安市,118.6920013,40.0096016,0
1949,0,0,建昌县,119.7939987,40.8097992,0
1950,0,0,阿鲁科尔沁旗,120.0889969,43.8816986,0
1951,0,0,开鲁县,121.3079987,43.5998993,0
1952,0,0,双辽市,123.4929962,43.5119019,0
1953,0,0,公主岭市,124.802002,43.5108986,0
1954,0,0,梨树县,124.3330002,43.3153,0
1955,0,0,双阳区,125.6729965,43.5273018,0
1956,0,0,伊通满族自治县,125.2990036,43.3466988,0
1957,0,0,奈曼旗,120.6460037,42.8446999,0
1958,0,0,库伦旗,121.7639999,42.7288017,0
1959,0,0,新丘区,121.7789993,42.0778999,0
1960,0,0,阜新蒙古族自治县,121.7360001,42.0502014,0
1961,0,0,彰武县,122.5390015,42.3852005,0
1962,0,0,康平县,123.3420029,42.7459984,0
1963,0,0,法库县,123.4069977,42.5037003,0
1964,0,0,铁法市,123.5449982,42.4690018,0
1965,0,0,铁岭县,123.8479996,42.296299,0
1966,0,0,新城子区,123.5090027,42.0439987,0
1967,0,0,东辽县,124.9800034,42.9103012,0
1968,0,0,昌图县,124.1210022,42.771801,0
1969,0,0,西丰县,124.7190018,42.7361984,0
1970,0,0,开原市,124.0390015,42.5374985,0
1971,0,0,清原满族自治县,124.9150009,42.1015015,0
1972,0,0,东丰县,125.5250015,42.671299,0
1973,0,0,梅河口市,125.6809998,42.5354004,0
1974,0,0,柳河县,125.7300034,42.2709007,0
1975,0,0,北票市,120.7630005,41.8117981,0
1976,0,0,朝阳县,120.4509964,41.5808983,0
1977,0,0,南票区,120.7539978,41.1106987,0
1978,0,0,清河门区,121.4079971,41.7577019,0
1979,0,0,北镇满族自治县,121.7870026,41.5959015,0
1980,0,0,义县,121.2440033,41.5401993,0
1981,0,0,锦县,121.3550034,41.1721001,0
1982,0,0,太和区,121.0930023,41.1016006,0
1983,0,0,新民市,122.822998,41.9928017,0
1984,0,0,黑山县,122.1139984,41.6865997,0
1985,0,0,辽中县,122.7300034,41.5074997,0
1986,0,0,台安县,122.4240036,41.3849983,0
1987,0,0,盘山县,122.0500031,41.1898003,0
1988,0,0,旧堡区,122.9430008,41.0746994,0
1989,0,0,抚顺县,123.7890015,41.8468018,0
1990,0,0,于洪区,123.2969971,41.8003998,0
1991,0,0,苏家屯区,123.3359985,41.6534996,0
1992,0,0,灯塔县,123.3160019,41.4235992,0
1993,0,0,辽阳县,123.0749969,41.2088013,0
1994,0,0,宏伟区,123.2170029,41.2061996,0
1995,0,0,弓长岭区,123.4530029,41.115799,0
1996,0,0,南芬区,123.7389984,41.091301,0
1997,0,0,本溪满族自治县,124.112999,41.2966003,0
1998,0,0,新宾满族自治县,125.0339966,41.7232018,0
1999,0,0,通化县,125.7549973,41.6800003,0
2000,0,0,桓仁满族自治县,125.3529968,41.2653999,0
2001,0,0,葫芦岛区,120.9349976,40.7207985,0
2002,0,0,兴城市,120.7040024,40.6199989,0
2003,0,0,绥中县,120.3330002,40.3289986,0
2004,0,0,大洼县,122.0619965,40.9926987,0
2005,0,0,海城市,122.7509995,40.850399,0
2006,0,0,老边区,122.3720016,40.6719017,0
2007,0,0,大石桥市,122.4970016,40.6380005,0
2008,0,0,鲅鱼圈区,122.1149979,40.2989998,0
2009,0,0,岫岩满族自治县,123.2689972,40.2792015,0
2010,0,0,宽甸满族自治县,124.7730026,40.7293015,0
2011,0,0,凤城市,124.0670013,40.456501,0
2012,0,0,科尔沁左翼后旗,122.3470001,42.9490013,0
2013,0,0,盖州市,122.3600006,40.3987007,0
2014,0,0,永吉县,126.4889984,43.6601982,0
2015,0,0,蛟河市,127.336998,43.7184982,0
2016,0,0,敦化市,128.227005,43.3703995,0
2017,0,0,汪清县,129.7570038,43.3098984,0
2018,0,0,桦甸市,126.7340012,42.9684982,0
2019,0,0,磐石市,126.064003,42.9454994,0
2020,0,0,辉南县,126.0370026,42.6808014,0
2021,0,0,靖宇县,126.7949982,42.3909988,0
2022,0,0,三岔子区,126.6029968,42.094799,0
2023,0,0,抚松县,127.2669983,42.3263016,0
2024,0,0,安图县,128.9129944,43.1114006,0
2025,0,0,图们市,129.8450012,42.9668007,0
2026,0,0,龙井市,129.4329987,42.7734985,0
2027,0,0,和龙市,129.0039978,42.5359993,0
2028,0,0,珲春市,130.3639984,42.875,0
2029,0,0,临江区,126.913002,41.8160019,0
2030,0,0,集安市,126.1839981,41.1231995,0
2031,0,0,长白朝鲜族自治县,128.1929932,41.4216003,0
2032,0,0,裕民县,82.9725037,46.2108002,0
2033,0,0,额敏县,83.6224976,46.5237999,0
2034,0,0,托里县,83.6022034,45.9329987,0
2035,0,0,霍城县,80.8667984,44.0525017,0
2036,0,0,温泉县,81.0289001,44.9714012,0
2037,0,0,精河县,82.8823013,44.6095009,0
2038,0,0,吉木乃县,85.8777008,47.4410019,0
2039,0,0,布尔津县,86.8613968,47.706501,0
2040,0,0,福海县,87.4977036,47.1142998,0
2041,0,0,和布克赛尔蒙古自治县,85.7285004,46.7947998,0
2042,0,0,富蕴县,89.5231018,46.9981003,0
2043,0,0,乌苏市,84.6822968,44.4258003,0
2044,0,0,沙湾县,85.6151962,44.3250008,0
2045,0,0,玛纳斯县,86.2129974,44.2967987,0
2046,0,0,呼图壁县,86.8976974,44.1921997,0
2047,0,0,阜康市,87.9692993,44.1613007,0
2048,0,0,奇台县,89.5814972,44.0200005,0
2049,0,0,青河县,90.3803024,46.6739998,0
2050,0,0,东乌珠穆沁旗,116.9690018,45.5138016,0
2051,0,0,霍林郭勒市,119.6309967,45.5373001,0
2052,0,0,阿巴嘎旗,114.9649963,44.0191002,0
2053,0,0,西乌珠穆沁旗,117.6100006,44.5878983,0
2054,0,0,华安区,122.8759995,47.5133018,0
2055,0,0,甘南县,123.4960022,47.9145012,0
2056,0,0,龙江县,123.1819992,47.3362999,0
2057,0,0,梅里斯达斡尔族区,123.7649994,47.3157005,0
2058,0,0,富拉尔基区,123.6330032,47.1991997,0
2059,0,0,昂昂溪区,123.8030014,47.1498985,0
2060,0,0,富裕县,124.4570007,47.8014984,0
2061,0,0,林甸县,124.875,47.1815987,0
2062,0,0,依安县,125.3030014,47.8874016,0
2063,0,0,明水县,125.9029999,47.1795998,0
2064,0,0,扎赉特旗,122.9100037,46.7206993,0
2065,0,0,科尔沁右翼前旗,122.0699997,46.0640984,0
2066,0,0,泰来县,123.4169998,46.3889008,0
2067,0,0,杜尔伯特蒙古族自治县,124.4449997,46.8666,0
2068,0,0,让胡路区,124.8649979,46.642601,0
2069,0,0,红岗区,124.8840027,46.3987007,0
2070,0,0,大同区,124.814003,46.0279007,0
2071,0,0,龙凤区,125.0970001,46.519001,0
2072,0,0,安达市,125.3290024,46.4019012,0
2073,0,0,肇东市,125.9820023,46.0643005,0
2074,0,0,突泉县,121.5540009,45.3782005,0
2075,0,0,科尔沁右翼中旗,121.4660034,45.0582008,0
2076,0,0,洮南市,122.7750015,45.3386993,0
2077,0,0,镇赉县,123.2009964,45.8428001,0
2078,0,0,大安市,124.288002,45.5014,0
2079,0,0,前郭尔罗斯蒙古族自治县,124.822998,45.1125984,0
2080,0,0,肇州县,125.2689972,45.6973991,0
2081,0,0,肇源县,125.0830002,45.5126991,0
2082,0,0,扎鲁特旗,120.9039993,44.5505981,0
2083,0,0,通榆县,123.0830002,44.8011017,0
2084,0,0,长岭县,123.9759979,44.2734985,0
2085,0,0,科尔沁左翼中旗,123.3119965,44.1212997,0
2086,0,0,乾安县,124.012001,44.9989014,0
2087,0,0,德惠市,125.6930008,44.5289001,0
2088,0,0,农安县,125.1809998,44.4221992,0
2089,0,0,九台市,125.8209991,44.1567001,0
2090,0,0,海伦市,126.9670029,47.4618988,0
2091,0,0,绥棱县,127.0910034,47.2468987,0
2092,0,0,友好区,128.8289948,47.8546982,0
2093,0,0,翠峦区,128.6719971,47.7316017,0
2094,0,0,乌马河区,128.7910004,47.7212982,0
2095,0,0,上甘岭区,129.0180054,47.972599,0
2096,0,0,美溪区,129.1179962,47.6333008,0
2097,0,0,西林区,129.3009949,47.4748001,0
2098,0,0,金山屯区,129.4219971,47.4175987,0
2099,0,0,南岔区,129.2769928,47.1413994,0
2100,0,0,带岭区,129.0130005,47.0287018,0
2101,0,0,萝北县,130.826004,47.5765991,0
2102,0,0,拜泉县,126.0849991,47.6076012,0
2103,0,0,兴安区,130.2310028,47.2543983,0
2104,0,0,桦川县,130.7169952,47.0222015,0
2105,0,0,绥滨县,131.848999,47.2927017,0
2106,0,0,青冈县,126.1060028,46.6856003,0
2107,0,0,兰西县,126.2829971,46.2570992,0
2108,0,0,庆安县,127.5009995,46.8799019,0
2109,0,0,巴彦县,127.3960037,46.0749016,0
2110,0,0,铁力市,128.0410004,46.980999,0
2111,0,0,汤原县,129.897995,46.7260017,0
2112,0,0,依兰县,129.5579987,46.3139,0
2113,0,0,桦南县,130.5749969,46.2398987,0
2114,0,0,友谊县,131.8009949,46.782299,0
2115,0,0,集贤县,131.1340027,46.7284012,0
2116,0,0,岭西区,131.102005,46.6008987,0
2117,0,0,四方台区,131.3249969,46.5968018,0
2118,0,0,宝山区,131.3990021,46.5793991,0
2119,0,0,岭东区,131.1269989,46.5628014,0
2120,0,0,呼兰县,126.598999,45.9813995,0
2121,0,0,平房区,126.6149979,45.6044006,0
2122,0,0,阿城市,126.9660034,45.5460014,0
2123,0,0,宾县,127.4749985,45.7543983,0
2124,0,0,尚志市,127.9550018,45.2145004,0
2125,0,0,通河县,128.7389984,45.9742012,0
2126,0,0,木兰县,128.0350037,45.9469986,0
2127,0,0,方正县,128.8249969,45.8317986,0
2128,0,0,延寿县,128.3280029,45.4502983,0
2129,0,0,勃利县,130.5709991,45.7531013,0
2130,0,0,滴道区,130.8309937,45.3566017,0
2131,0,0,城子河区,130.996994,45.3325005,0
2132,0,0,林口县,130.2709961,45.2748985,0
2133,0,0,恒山区,130.8910065,45.2151985,0
2134,0,0,麻山区,130.473999,45.1955986,0
2135,0,0,梨树区,130.6840057,45.0923004,0
2136,0,0,茄子河区,131.0619965,45.7745018,0
2137,0,0,密山市,131.8679962,45.5396996,0
2138,0,0,鸡东县,131.1230011,45.2439995,0
2139,0,0,榆树县,126.5510025,44.8252983,0
2140,0,0,舒兰市,126.9369965,44.4016991,0
2141,0,0,五常市,127.1569977,44.9150009,0
2142,0,0,望奎县,126.4749985,46.8339996,0
2143,0,0,海林市,129.3860016,44.5666008,0
2144,0,0,宁安市,129.4779968,44.3454018,0
2145,0,0,穆棱市,130.5149994,44.9165001,0
2146,0,0,绥芬河市,131.1580048,44.3964996,0
2147,0,0,东宁县,131.1210022,44.0533981,0
2148,0,0,同江市,132.5160065,47.6548004,0
2149,0,0,富锦市,132.0319977,47.2510986,0
2150,0,0,宝清县,132.1999969,46.3249016,0
2151,0,0,饶河县,134.0160065,46.7933998,0
2152,0,0,虎林市,132.9680023,45.7631989,0
2153,0,0,哈巴河县,86.4188004,48.0603981,0
2154,0,0,满洲里市,117.4440002,49.5793991,0
2155,0,0,陈巴尔虎旗,119.4319992,49.3278999,0
2156,0,0,鄂温克族自治旗,119.7399979,49.1367989,0
2157,0,0,新巴尔虎右旗,116.822998,48.6587982,0
2158,0,0,新巴尔虎左旗,118.2679977,48.2168999,0
2159,0,0,额尔古纳市,120.1869965,50.2574997,0
2160,0,0,根河市,121.5289993,50.7790985,0
2161,0,0,鄂伦春自治旗,123.7129974,50.585701,0
2162,0,0,牙克石市,120.7289963,49.2835999,0
2163,0,0,嫩江县,125.2149963,49.1669006,0
2164,0,0,扎兰屯市,122.7340012,48.0115013,0
2165,0,0,阿荣旗,123.4680023,48.1203003,0
2166,0,0,莫力达瓦达斡尔族自治旗,124.5019989,48.4730988,0
2167,0,0,讷河市,124.8779984,48.4710007,0
2168,0,0,克山县,125.8649979,48.0334015,0
2169,0,0,呼玛县,126.6480026,51.7221985,0
2170,0,0,孙吴县,127.3089981,49.418499,0
2171,0,0,逊克县,128.4700012,49.5746002,0
2172,0,0,五大连池市,126.137001,48.6489983,0
2173,0,0,德都县,126.1869965,48.5117989,0
2174,0,0,北安市,126.5039978,48.2430992,0
2175,0,0,克东县,126.2350006,48.0387001,0
2176,0,0,嘉荫县,130.3910065,48.887001,0
2177,0,0,抚远县,134.2799988,48.3674011,0
2178,0,0,漠河县,122.5329971,52.969799,0
2179,0,0,塔河县,124.7070007,52.341301,0
2180,0,0,东川市,103.1849976,26.0946007,0
2181,0,0,双城市,126.3059998,45.3632011,0
2182,0,0,扶余县,126.0279999,44.9808998,0
2183,0,0,椒江区,121.447998,28.6730003,0
2184,0,0,贵池区,117.4820023,30.6553001,0
2185,0,0,宣州区,118.7429962,30.9475002,0
2186,0,0,沙市区,112.2490005,30.3169003,0
2187,0,0,南海市,113.1620026,23.0365009,0
2188,0,0,毕节市,105.2839966,27.3085995,0
2189,0,0,思茅市,100.9749985,22.7938995,0
2190,0,0,潞西市,98.588501,24.4419994,0
2191,0,0,景洪市,100.7939987,22.0133991,0
2192,0,0,尼玛县,86.7539978,31.3435001,0
2193,0,0,桑日县,92.0084991,29.2593002,0
2194,0,0,墨脱县,95.3134003,29.3038998,0
2195,0,0,泸县,105.3700027,29.1560993,0
2196,0,0,三亚市,109.5130005,18.2383003,0
2197,0,0,临沧,100.0879974,23.8805008,0
2198,0,0,个旧市,103.1549988,23.3575993,0
2199,0,0,百色市,106.6119995,23.9050007,0
2200,0,0,贵港市,109.6090012,23.0995007,0
2201,0,0,梧州市,111.3089981,23.4874001,0
2202,0,0,清远市,113.0220032,23.7212009,0
2203,0,0,东莞市,113.75,23.0471001,0
2204,0,0,佛山市,113.1159973,23.0352001,0
2205,0,0,玉林市,110.1460037,22.6324997,0
2206,0,0,江门市,113.0859985,22.5898991,0
2207,0,0,中山市,113.3740005,22.5261993,0
2208,0,0,珠海市,113.5719986,22.2730999,0
2209,0,0,澳门,113.552002,22.2000008,0
2210,0,0,钦州市,108.6139984,21.9519005,0
2211,0,0,北海市,109.1220016,21.4797001,0
2212,0,0,茂名市,110.8929977,21.6735001,0
2213,0,0,湛江市,110.4029999,21.1952991,0
2214,0,0,阳江市,111.9589996,21.8458004,0
2215,0,0,河源市,114.6920013,23.7373009,0
2216,0,0,惠州市,114.3899994,23.0907993,0
2217,0,0,揭阳市,116.3499985,23.5433998,0
2218,0,0,汕头市,116.6829987,23.3644009,0
2219,0,0,汕尾市,115.3600006,22.7719002,0
2220,0,0,台南市,120.2009964,23.0046005,0
2221,0,0,高雄市,120.3030014,22.6341991,0
2222,0,0,中甸县,99.7068024,27.8178005,0
2223,0,0,丽江纳西族自治县,100.2360001,26.8752003,0
2224,0,0,保山市,99.1667023,25.1128998,0
2225,0,0,大理市,100.2259979,25.5909996,0
2226,0,0,楚雄市,101.5429993,25.0335999,0
2227,0,0,西昌市,102.2669983,27.9004002,0
2228,0,0,昭通市,103.7149963,27.3437996,0
2229,0,0,遵义市,106.9319992,27.6961994,0
2230,0,0,安顺市,105.9280014,26.2437992,0
2231,0,0,凯里市,107.9769974,26.5921993,0
2232,0,0,都匀市,107.5189972,26.2661991,0
2233,0,0,曲靖市,103.7969971,25.4962997,0
2234,0,0,兴义市,104.8960037,25.0877991,0
2235,0,0,玉溪市,102.5370026,24.3560009,0
2236,0,0,铜仁市,109.1930008,27.7229996,0
2237,0,0,怀化市,109.9570007,27.5477009,0
2238,0,0,娄底市,111.9919968,27.7423992,0
2239,0,0,邵阳市,111.4749985,27.2499008,0
2240,0,0,株洲市,113.1500015,27.8530998,0
2241,0,0,萍乡市,113.8389969,27.632,0
2242,0,0,永州市,111.612999,26.2108994,0
2243,0,0,桂林市,110.2860031,25.2805996,0
2244,0,0,河池市,108.0500031,24.6945992,0
2245,0,0,柳州市,109.4049988,24.3104992,0
2246,0,0,贺州市,111.5350037,24.4176998,0
2247,0,0,韶关市,113.6039963,24.8106995,0
2248,0,0,新余市,114.9309998,27.8045998,0
2249,0,0,宜春市,114.3759995,27.7947998,0
2250,0,0,吉安市,114.9720001,27.1037998,0
2251,0,0,临川市,116.3519974,27.9853001,0
2252,0,0,三明市,117.6029968,26.2206001,0
2253,0,0,南平市,118.1699982,26.6427002,0
2254,0,0,宁德市,119.5179977,26.6616993,0
2255,0,0,赣州市,114.9329987,25.8474998,0
2256,0,0,龙岩市,117.0289993,25.1042004,0
2257,0,0,莆田市,119.0110016,25.4344006,0
2258,0,0,漳州市,117.6529999,24.5121994,0
2259,0,0,泉州市,118.5899963,24.9101009,0
2260,0,0,厦门市,118.0859985,24.4508991,0
2261,0,0,基隆市,121.7389984,25.1324997,0
2262,0,0,台中市,120.6719971,24.1427994,0
2263,0,0,日喀则市,88.8764038,29.2726002,0
2264,0,0,林芝县,94.4840012,29.5809002,0
2265,0,0,昌都,97.1659012,31.1436996,0
2266,0,0,绵阳市,104.7490005,31.4596004,0
2267,0,0,德阳市,104.3909988,31.1329994,0
2268,0,0,巴中市,106.7549973,31.8495998,0
2269,0,0,达县市,107.5,31.2276001,0
2270,0,0,遂宁市,105.5699997,30.5044994,0
2271,0,0,雅安市,102.9840012,29.9862003,0
2272,0,0,内江市,105.0540009,29.5813007,0
2273,0,0,宜宾市,104.6159973,28.7754002,0
2274,0,0,恩施市,109.4789963,30.2728996,0
2275,0,0,宜昌市,111.2870026,30.7047997,0
2276,0,0,孝感市,113.9110031,30.9267998,0
2277,0,0,常德市,111.6910019,29.0354004,0
2278,0,0,岳阳市,113.0979996,29.3717995,0
2279,0,0,吉首市,109.7330017,28.3108997,0
2280,0,0,麻城市,115.0309982,31.1814995,0
2281,0,0,巢湖市,117.8649979,31.6023006,0
2282,0,0,马鞍山市,118.4830017,31.7259007,0
2283,0,0,芜湖市,118.362999,31.3355007,0
2284,0,0,鄂州市,114.8799973,30.4032993,0
2285,0,0,黄石市,115.0770035,30.2129993,0
2286,0,0,铜陵市,117.814003,30.9239998,0
2287,0,0,安庆市,117.0350037,30.5128994,0
2288,0,0,咸宁市,114.2720032,29.8931007,0
2289,0,0,九江市,115.9860001,29.7229004,0
2290,0,0,黄山市,118.3089981,29.7161999,0
2291,0,0,上饶市,117.9649963,28.4512005,0
2292,0,0,鹰潭市,117.0329971,28.2416992,0
2293,0,0,衢州市,118.8679962,28.9573994,0
2294,0,0,丽水市,119.913002,28.4493008,0
2295,0,0,湖州市,120.0999985,30.8654995,0
2296,0,0,嘉兴市,120.7539978,30.7679996,0
2297,0,0,温州市,120.6539993,28.0188007,0
2298,0,0,临夏市,103.2109985,35.6080017,0
2299,0,0,平凉市,106.685997,35.5365982,0
2300,0,0,西峰市,107.6380005,35.7373009,0
2301,0,0,宝鸡市,107.1399994,34.3825989,0
2302,0,0,汉中市,107.0350037,33.0770988,0
2303,0,0,铜川市,109.0589981,35.0769005,0
2304,0,0,运城市,110.9940033,35.0150986,0
2305,0,0,晋城市,112.8389969,35.5050011,0
2306,0,0,焦作市,113.2229996,35.2518005,0
2307,0,0,渭南市,109.5009995,34.5037003,0
2308,0,0,洛阳市,112.3830032,34.6660004,0
2309,0,0,商州市,109.9329987,33.8706017,0
2310,0,0,平顶山市,113.3010025,33.7481995,0
2311,0,0,安康市,109.0270004,32.6943016,0
2312,0,0,十堰市,110.7850037,32.6573982,0
2313,0,0,丹江口市,111.5080032,32.5463982,0
2314,0,0,襄樊市,112.1389999,32.0499001,0
2315,0,0,鹤壁市,114.1740036,35.9048004,0
2316,0,0,菏泽市,115.4440002,35.2509003,0
2317,0,0,济宁市,116.5780029,35.4110985,0
2318,0,0,临沂市,118.3410034,35.0722008,0
2319,0,0,日照市,119.5469971,35.3939018,0
2320,0,0,开封市,114.3440018,34.7862015,0
2321,0,0,商丘市,115.6460037,34.4482994,0
2322,0,0,连云港市,119.1709976,34.6053009,0
2323,0,0,周口市,114.6360016,33.6301994,0
2324,0,0,漯河市,114.0400009,33.5741005,0
2325,0,0,淮北市,116.7900009,33.9719009,0
2326,0,0,宿迁市,118.2969971,33.9589996,0
2327,0,0,蚌埠市,117.362999,32.9418983,0
2328,0,0,淮南市,117.0220032,32.6194,0
2329,0,0,滁州市,118.3050003,32.3176003,0
2330,0,0,泰州市,119.9120026,32.4964981,0
2331,0,0,盐城市,120.1340027,33.3857994,0
2332,0,0,南通市,120.8550034,32.0111008,0
2333,0,0,喀什市,75.9858017,39.4670982,0
2334,0,0,嘉峪关市,98.2726974,39.8031998,0
2335,0,0,酒泉市,98.5111008,39.7457008,0
2336,0,0,张掖市,100.4499969,38.9338989,0
2337,0,0,德令哈市,97.3557968,37.3694,0
2338,0,0,金昌市,102.1650009,38.4925995,0
2339,0,0,武威市,102.6350021,37.9277,0
2340,0,0,东胜市,110.0009995,39.8171005,0
2341,0,0,榆林市,109.7539978,38.2955017,0
2342,0,0,忻州市,112.7310028,38.3992996,0
2343,0,0,榆次区,112.7450027,37.6791992,0
2344,0,0,阳泉市,113.572998,37.8618011,0
2345,0,0,延安市,109.4700012,36.5924988,0
2346,0,0,临汾市,111.5159988,36.0788002,0
2347,0,0,长治市,113.1039963,36.1842003,0
2348,0,0,廊坊市,116.6920013,39.5196991,0
2349,0,0,秦皇岛市,119.5960007,39.9266014,0
2350,0,0,保定市,115.5019989,38.8564987,0
2351,0,0,衡水市,115.7060013,37.7268982,0
2352,0,0,德州市,116.288002,37.4524002,0
2353,0,0,邯郸市,114.4720001,36.5942001,0
2354,0,0,聊城市,115.9889984,36.4483986,0
2355,0,0,泰安市,117.1279984,36.1897011,0
2356,0,0,威海市,122.1090012,37.5015984,0
2357,0,0,伊宁市,81.3191986,43.9160995,0
2358,0,0,吐鲁番市,89.1807022,42.9411011,0
2359,0,0,哈密市,93.5184021,42.8199005,0
2360,0,0,临河市,107.3970032,40.762001,0
2361,0,0,集宁市,113.0960007,41.0293999,0
2362,0,0,赤峰市,118.9530029,42.2697983,0
2363,0,0,承德市,117.9199982,40.9665985,0
2364,0,0,通辽市,122.2610016,43.6116982,0
2365,0,0,四平市,124.3759995,43.1679001,0
2366,0,0,辽源市,125.1380005,42.9113007,0
2367,0,0,通化市,125.9219971,41.7243004,0
2368,0,0,丹东市,124.3840027,40.1362,0
2369,0,0,吉林市,126.5670013,43.9085007,0
2370,0,0,延吉市,129.5110016,42.9109993,0
2371,0,0,阿勒泰市,88.1420975,47.8539009,0
2372,0,0,克拉玛依市,84.8640976,45.5918007,0
2373,0,0,奎屯市,84.8955994,44.4241982,0
2374,0,0,石河子市,86.0332031,44.2939987,0
2375,0,0,昌吉市,87.3067017,44.0186996,0
2376,0,0,白城市,122.8420029,45.6130981,0
2377,0,0,松原市,124.822998,45.1734009,0
2378,0,0,牡丹江市,129.5970001,44.5814018,0
2379,0,0,绥化市,126.9820023,46.638401,0
2380,0,0,佳木斯市,130.3650055,46.8100014,0
2381,0,0,海拉尔市,119.7320023,49.2075996,0
2382,0,0,黑河市,127.4840012,50.2428017,0
2383,0,0,文山县,104.2360001,23.3766003,0
2384,0,0,潮州市,116.637001,23.6681995,0
2385,0,0,那曲县,92.0559006,31.4808006,0
2386,0,0,玛沁县,100.2460022,34.4747009,0
2387,0,0,同仁县,102.0090027,35.5121994,0
2388,0,0,定西县,104.6200027,35.5758018,0
2389,0,0,固原县,106.2779999,36.014801,0
2390,0,0,莱芜市,117.6620026,36.2057991,0
2391,0,0,门源回族自治县,101.6149979,37.3748016,0
2392,0,0,平安县,102.1050034,36.4977989,0
2393,0,0,共和县,100.6159973,36.2807999,0
2394,0,0,离石市,111.1350021,37.5107994,0
2395,0,0,阿拉善左旗,105.6660004,38.8426018,0
2396,0,0,库尔勒市,86.1356964,41.7575989,0
2397,0,0,锡林浩特市,116.0699997,43.9460983,0
2398,0,0,塔城市,82.9844971,46.7490997,0
2399,0,0,博乐市,82.0725021,44.9073982,0
2400,0,0,阿克苏市,80.2601013,41.1675987,0
2401,0,0,阿图什市,76.1676025,39.7160988,0
2402,0,0,康定县,101.9580002,30.0531006,0
2403,0,0,马尔康县,102.2340012,31.9116001,0
2404,0,0,玉树,97.0150986,33.0038986,0
2405,0,0,成县,105.7300034,33.7442017,0
2406,0,0,吴忠市,106.1959991,37.9869003,0
2407,0,0,滨州市,118.0240021,37.3688011,0
2408,0,0,资阳市,104.6500015,30.1233006,0
2409,0,0,南宁市,108.3119965,22.8066006,0
2410,0,0,海口市,110.3399963,20.0342007,0
2411,0,0,福州市,119.3170013,26.0370998,0
2412,0,0,台北市,121.5159988,25.0508995,0
2413,0,0,拉萨市,91.1341019,29.6529007,0
2414,0,0,合肥市,117.2770004,31.8651009,0
2415,0,0,杭州市,120.1689987,30.2947006,0
2416,0,0,郑州市,113.6419983,34.7588005,0
2417,0,0,西宁市,101.7839966,36.6096001,0
2418,0,0,太原市,112.5650024,37.8745003,0
2419,0,0,石家庄市,114.4889984,38.043499,0
2420,0,0,呼和浩特市,111.6640015,40.8162994,0
2421,0,0,长春市,125.3099976,43.8852005,0
2422,0,0,塔河,124.7070007,52.341301,0
